Name,Class,Extracted Character section
Alain,High Lord,05 00 00 00 FF FF FF FF 00 00 00 00 00 00 00 00 01 00 00 00 00 00 00 00 02 00 00 00 02 00 00 00 FF 00 00 00 FF FF FF FF 02 09 09 00 01 00 00 00 01 00 FF 04 02 00 00 00 65 97 1C 00 32 00 6E 00 03 00 00 00 00 02 00 00 00 00 00 00 00 00 00 00 00 00 00 00 00 00 00 00 00 00 00 00 00 00 00 00 05 00 00 00 FF FF 00 00 00 00 00 00 41 00 00 00 04 00 00 00 FF FF 00 00 00 00 00 00 00 00 00 00 03 00 00 00 FF FF 00 00 00 00 00 00 00 00 00 00 09 00 00 00 FF FF 00 00 00 00 00 00 00 00 00 00 08 00 00 00 FF FF 00 00 00 00 00 00 00 00 00 00 07 00 00 00 FF FF 00 00 00 00 00 00 00 00 00 00 00 00 00 00 FF FF 00 00 00 00 00 00 00 00 00 00 00 00 00 00 FF FF 00 00 00 00 00 00 00 00 00 00 00 00 00 00 FF FF 00 00 00 00 00 00 00 00 00 00 00 00 00 00 FF FF 00 00 00 00 00 00 00 00 00 00 00 00 00 00 FF FF 00 00 00 00 00 00 00 00 00 00 00 00 00 00 FF FF 00 00 00 00 00 00 00 00 00 00 00 00 00 00 FF FF 00 00 00 00 00 00 00 00 00 00 00 00 00 00 FF FF 00 00 00 00 00 00 00 00 00 00 00 00 00 00 FF FF 00 00 00 00 00 00 00 00 00 00 00 00 00 00 FF FF 00 00 00 00 00 00 00 00 00 00 2C 50 A9 FF 00 00 00 FF 60 82 D6 FF 01 00 00 00 1A 16 03 13 13 13 13 15 00 00 00 00 00 00 00 00 00 00 00 00 00 00 00 00 00 00 00 00 00 00 00 00 00 00 00 00 00 00 00 00 00 00 00 00 00 00 00 00 00 00 00 00 00 00 00 00 00 00 00 00 00 00 00 00 00 00 00 00 00 00 00 00 00 00 00 00 00 00 00 00 FF FF FF FF FF FF FF FF 06 00 05 00 08 00 00 00
Scarlett,High Priestess,06 00 00 00 FF FF FF FF 00 00 00 00 00 00 00 00 01 00 00 00 00 00 00 00 02 00 00 00 02 00 00 00 FF 00 00 00 FF FF FF FF 36 07 05 00 02 00 00 00 02 00 FF 52 04 00 00 00 02 4E 02 00 21 00 40 00 00 00 00 00 00 00 00 00 00 00 00 00 00 00 00 00 00 00 00 00 00 00 00 00 00 00 00 00 39 00 00 00 05 00 00 00 FF FF 00 00 00 00 00 00 17 00 00 00 04 00 00 00 FF FF 00 00 00 00 00 00 39 00 00 00 03 00 00 00 FF FF 00 00 00 00 00 00 00 00 00 00 08 00 00 00 FF FF 00 00 00 00 00 00 00 00 00 00 07 00 00 00 FF FF 00 00 00 00 00 00 00 00 00 00 00 00 00 00 FF FF 00 00 00 00 00 00 00 00 00 00 00 00 00 00 FF FF 00 00 00 00 00 00 00 00 00 00 00 00 00 00 FF FF 00 00 00 00 00 00 00 00 00 00 00 00 00 00 FF FF 00 00 00 00 00 00 00 00 00 00 00 00 00 00 FF FF 00 00 00 00 00 00 00 00 00 00 00 00 00 00 FF FF 00 00 00 00 00 00 00 00 00 00 00 00 00 00 FF FF 00 00 00 00 00 00 00 00 00 00 00 00 00 00 FF FF 00 00 00 00 00 00 00 00 00 00 00 00 00 00 FF FF 00 00 00 00 00 00 00 00 00 00 00 00 00 00 FF FF 00 00 00 00 00 00 00 00 00 00 00 00 00 00 FF FF 00 00 00 00 00 00 00 00 00 00 FF FF FF FF CC 33 00 FF FF 44 09 FF 01 00 00 00 19 04 24 27 26 2C 2C 21 00 00 00 00 00 00 00 00 00 00 00 00 00 00 00 00 00 00 00 00 00 00 00 00 00 00 00 00 00 00 00 00 00 00 00 00 00 00 00 00 00 00 00 00 00 00 00 00 00 00 00 00 00 00 00 00 00 00 00 00 00 00 00 00 00 00 00 00 00 00 00 00 FF FF FF FF 95 00 00 00 06 00 05 00 08 00 00 00
Lex,Vangurad,07 00 00 00 FF FF FF FF 00 00 00 00 00 00 00 00 01 00 00 00 00 00 00 00 02 00 00 00 02 00 00 00 FF 00 00 00 FF FF FF FF 04 01 02 00 08 02 01 00 01 01 FF 35 05 00 00 00 E8 D2 03 00 25 00 59 00 01 01 00 00 00 02 00 00 01 03 00 00 00 00 00 00 00 00 00 00 00 00 00 00 00 00 00 00 00 00 00 00 05 00 00 00 FF FF 00 00 00 00 00 00 00 00 00 00 04 00 00 00 FF FF 00 00 00 00 00 00 00 00 00 00 03 00 00 00 FF FF 00 00 00 00 00 00 03 00 00 00 09 00 00 00 FF FF 00 00 00 00 00 00 00 00 00 00 08 00 00 00 FF FF 00 00 00 00 00 00 00 00 00 00 07 00 00 00 FF FF 00 00 00 00 00 00 00 00 00 00 00 00 00 00 FF FF 00 00 00 00 00 00 00 00 00 00 00 00 00 00 FF FF 00 00 00 00 00 00 00 00 00 00 00 00 00 00 FF FF 00 00 00 00 00 00 00 00 00 00 00 00 00 00 FF FF 00 00 00 00 00 00 00 00 00 00 00 00 00 00 FF FF 00 00 00 00 00 00 00 00 00 00 00 00 00 00 FF FF 00 00 00 00 00 00 00 00 00 00 00 00 00 00 FF FF 00 00 00 00 00 00 00 00 00 00 00 00 00 00 FF FF 00 00 00 00 00 00 00 00 00 00 00 00 00 00 FF FF 00 00 00 00 00 00 00 00 00 00 00 00 00 00 FF FF 00 00 00 00 00 00 00 00 00 00 2C 50 A9 FF FF FF FF FF 60 82 D6 FF 01 00 00 00 1E 02 1F 27 20 26 26 11 00 00 00 00 00 00 00 00 00 00 00 00 00 00 00 00 00 00 00 00 00 00 00 00 00 00 00 00 00 00 00 00 00 00 00 00 00 00 00 00 00 00 00 00 00 00 00 00 00 00 00 00 00 00 00 00 00 00 00 00 00 00 00 00 00 00 00 00 00 00 00 00 FF FF FF FF 11 00 00 00 06 00 06 00 08 00 00 00
Josef,Paladin,08 00 00 00 FF FF FF FF 00 00 00 00 45 00 00 00 01 00 00 00 00 00 00 00 02 00 00 00 02 00 00 00 FF 00 00 00 FF FF FF FF 3D 01 07 00 01 00 00 00 01 01 FF 33 07 00 00 00 C1 AB 01 00 1E 00 45 00 00 00 00 00 00 00 00 00 00 00 00 00 00 00 00 00 00 00 00 00 00 00 00 00 00 00 00 00 12 00 00 00 04 00 00 00 FF FF 00 00 00 00 00 00 0D 00 00 00 03 00 00 00 FF FF 00 00 00 00 00 00 00 00 00 00 07 00 00 00 FF FF 00 00 00 00 00 00 00 00 00 00 08 00 00 00 FF FF 00 00 00 00 00 00 00 00 00 00 09 00 00 00 FF FF 00 00 00 00 00 00 00 00 00 00 00 00 00 00 FF FF 00 00 00 00 00 00 00 00 00 00 00 00 00 00 FF FF 00 00 00 00 00 00 00 00 00 00 00 00 00 00 FF FF 00 00 00 00 00 00 00 00 00 00 00 00 00 00 FF FF 00 00 00 00 00 00 00 00 00 00 00 00 00 00 FF FF 00 00 00 00 00 00 00 00 00 00 00 00 00 00 FF FF 00 00 00 00 00 00 00 00 00 00 00 00 00 00 FF FF 00 00 00 00 00 00 00 00 00 00 00 00 00 00 FF FF 00 00 00 00 00 00 00 00 00 00 00 00 00 00 FF FF 00 00 00 00 00 00 00 00 00 00 00 00 00 00 FF FF 00 00 00 00 00 00 00 00 00 00 00 00 00 00 FF FF 00 00 00 00 00 00 00 00 00 00 2C 50 A9 FF FF FF FF FF 60 82 D6 FF 01 00 00 00 1E 02 1F 27 20 26 26 11 00 00 00 00 00 00 00 00 00 00 00 00 00 00 00 00 00 00 00 00 00 00 00 00 00 00 00 00 00 00 00 00 00 00 00 00 00 00 00 00 00 00 00 00 00 00 00 00 00 00 00 00 00 00 00 00 00 00 00 00 00 00 00 00 00 00 00 00 00 00 00 00 FF FF FF FF D1 00 00 00 06 00 05 00 08 00 00 00
Chloe,Sergeant,09 00 00 00 FF FF FF FF 00 00 00 00 00 00 00 00 01 00 00 00 00 00 00 00 02 00 00 00 02 00 00 00 FF 00 00 00 FF FF FF FF 06 07 05 00 01 00 00 00 02 01 FF 13 06 00 00 00 CA B4 03 00 25 00 4B 00 00 00 00 00 00 00 00 00 00 00 00 00 00 00 00 00 00 00 00 00 00 00 00 00 00 00 00 00 00 00 00 00 05 00 00 00 FF FF 00 00 00 00 00 00 42 00 00 00 04 00 00 00 FF FF 00 00 00 00 00 00 00 00 00 00 03 00 00 00 FF FF 00 00 00 00 00 00 00 00 00 00 09 00 00 00 FF FF 00 00 00 00 00 00 00 00 00 00 08 00 00 00 FF FF 00 00 00 00 00 00 17 00 00 00 07 00 00 00 FF FF 00 00 00 00 00 00 00 00 00 00 00 00 00 00 FF FF 00 00 00 00 00 00 00 00 00 00 00 00 00 00 FF FF 00 00 00 00 00 00 00 00 00 00 00 00 00 00 FF FF 00 00 00 00 00 00 00 00 00 00 00 00 00 00 FF FF 00 00 00 00 00 00 00 00 00 00 00 00 00 00 FF FF 00 00 00 00 00 00 00 00 00 00 00 00 00 00 FF FF 00 00 00 00 00 00 00 00 00 00 00 00 00 00 FF FF 00 00 00 00 00 00 00 00 00 00 00 00 00 00 FF FF 00 00 00 00 00 00 00 00 00 00 00 00 00 00 FF FF 00 00 00 00 00 00 00 00 00 00 00 00 00 00 FF FF 00 00 00 00 00 00 00 00 00 00 2C 50 A9 FF FF FF FF FF 60 82 D6 FF 01 00 00 00 1E 02 1F 27 20 26 26 11 00 00 00 00 00 00 00 00 00 00 00 00 00 00 00 00 00 00 00 00 00 00 00 00 00 00 00 00 00 00 00 00 00 00 00 00 00 00 00 00 00 00 00 00 00 00 00 00 00 00 00 00 00 00 00 00 00 00 00 00 00 00 00 00 00 00 00 00 00 00 00 00 FF FF FF FF 0E 00 00 00 06 00 06 00 08 00 00 00
Hodrick,Legionnaire,0A 00 00 00 FF FF FF FF 00 00 00 00 00 00 00 00 01 00 00 00 00 00 00 00 00 00 00 00 00 00 00 00 FF 00 00 00 FF FF FF FF 0E 06 02 00 01 00 00 00 01 04 FF 2C 0C 00 00 00 FD 43 00 00 11 00 3A 00 00 00 00 00 00 00 00 00 00 00 00 00 00 00 00 00 00 00 00 00 00 00 00 00 00 00 00 00 00 00 00 00 03 00 00 00 FF FF 00 00 00 00 00 00 6A 00 00 00 08 00 00 00 FF FF 00 00 00 00 00 00 02 00 00 00 07 00 00 00 FF FF 00 00 00 00 00 00 00 00 00 00 00 00 00 00 FF FF 00 00 02 00 00 00 00 00 00 00 00 00 00 00 FF FF 00 00 00 00 00 00 00 00 00 00 00 00 00 00 FF FF 00 00 02 00 00 00 00 00 00 00 00 00 00 00 FF FF 00 00 02 00 00 00 00 00 00 00 00 00 00 00 FF FF 00 00 02 00 00 00 00 00 00 00 00 00 00 00 FF FF 00 00 00 00 00 00 00 00 00 00 00 00 00 00 FF FF 00 00 00 00 00 00 00 00 00 00 00 00 00 00 FF FF 00 00 00 00 00 00 00 00 00 00 00 00 00 00 FF FF 00 00 00 00 00 00 00 00 00 00 00 00 00 00 FF FF 00 00 00 00 00 00 00 00 00 00 00 00 00 00 FF FF 00 00 00 00 00 00 00 00 00 00 00 00 00 00 FF FF 00 00 00 00 00 00 00 00 00 00 00 00 00 00 FF FF 00 00 00 00 00 00 00 00 00 00 2C 50 A9 FF FF FF FF FF 5D 7F D5 FF 01 00 00 00 02 02 02 02 02 02 02 02 00 00 00 00 00 00 00 00 00 00 00 00 00 00 00 00 00 00 00 00 00 00 00 00 00 00 00 00 00 00 00 00 00 00 00 00 00 00 00 00 00 00 00 00 00 00 00 00 00 00 00 00 00 00 00 00 00 00 00 00 00 00 00 00 00 00 00 00 00 00 00 00 FF FF FF FF 1D 00 00 00 06 00 06 00 08 00 00 00
Clive,Great Knight,0B 00 00 00 FF FF FF FF 00 00 00 00 00 00 00 00 01 00 00 00 00 00 00 00 00 00 00 00 00 00 00 00 FF 00 00 00 FF FF FF FF 1A 04 03 00 01 00 00 00 01 03 FF 14 0D 00 00 00 7B 9D 03 00 24 00 55 00 00 00 00 00 00 00 00 00 00 00 00 00 00 00 00 00 00 00 00 00 00 00 00 00 00 00 00 00 00 00 00 00 05 00 00 00 FF FF 00 00 00 00 00 00 05 00 00 00 04 00 00 00 FF FF 00 00 00 00 00 00 00 00 00 00 03 00 00 00 FF FF 00 00 00 00 00 00 00 00 00 00 09 00 00 00 FF FF 00 00 00 00 00 00 00 00 00 00 08 00 00 00 FF FF 00 00 00 00 00 00 00 00 00 00 07 00 00 00 FF FF 00 00 00 00 00 00 00 00 00 00 00 00 00 00 FF FF 00 00 00 00 00 00 00 00 00 00 00 00 00 00 FF FF 00 00 00 00 00 00 00 00 00 00 00 00 00 00 FF FF 00 00 00 00 00 00 00 00 00 00 00 00 00 00 FF FF 00 00 00 00 00 00 00 00 00 00 00 00 00 00 FF FF 00 00 00 00 00 00 00 00 00 00 00 00 00 00 FF FF 00 00 00 00 00 00 00 00 00 00 00 00 00 00 FF FF 00 00 00 00 00 00 00 00 00 00 00 00 00 00 FF FF 00 00 00 00 00 00 00 00 00 00 00 00 00 00 FF FF 00 00 00 00 00 00 00 00 00 00 00 00 00 00 FF FF 00 00 00 00 00 00 00 00 00 00 47 BD C3 FF FF FF FF FF 62 C7 CC FF 01 00 00 00 13 19 02 1B 1F 17 17 17 00 00 00 00 00 00 00 00 00 00 00 00 00 00 00 00 00 00 00 00 00 00 00 00 00 00 00 00 00 00 00 00 00 00 00 00 00 00 00 00 00 00 00 00 00 00 00 00 00 00 00 00 00 00 00 00 00 00 00 00 00 00 00 00 00 00 00 00 00 00 00 00 FF FF FF FF 31 00 00 00 06 00 05 00 08 00 00 00
Travis,Rogue,0C 00 00 00 FF FF FF FF 00 00 00 00 00 00 00 00 01 00 00 00 00 00 00 00 00 00 00 00 00 00 00 00 FF 00 00 00 FF FF FF FF 18 09 08 00 08 02 07 01 01 01 FF 57 0F 00 00 00 01 5D 02 00 21 00 2C 00 00 00 00 00 00 00 00 00 00 01 00 00 00 00 00 00 00 00 00 00 00 00 00 00 00 00 00 00 00 00 00 00 06 00 00 00 FF FF 00 00 00 00 00 00 09 00 00 00 05 00 00 00 FF FF 00 00 00 00 00 00 00 00 00 00 04 00 00 00 FF FF 00 00 00 00 00 00 00 00 00 00 03 00 00 00 FF FF 00 00 00 00 00 00 00 00 00 00 08 00 00 00 FF FF 00 00 00 00 00 00 00 00 00 00 07 00 00 00 FF FF 00 00 00 00 00 00 00 00 00 00 00 00 00 00 FF FF 00 00 00 00 00 00 00 00 00 00 00 00 00 00 FF FF 00 00 00 00 00 00 00 00 00 00 00 00 00 00 FF FF 00 00 00 00 00 00 00 00 00 00 00 00 00 00 FF FF 00 00 00 00 00 00 00 00 00 00 00 00 00 00 FF FF 00 00 00 00 00 00 00 00 00 00 00 00 00 00 FF FF 00 00 00 00 00 00 00 00 00 00 00 00 00 00 FF FF 00 00 00 00 00 00 00 00 00 00 00 00 00 00 FF FF 00 00 00 00 00 00 00 00 00 00 00 00 00 00 FF FF 00 00 00 00 00 00 00 00 00 00 00 00 00 00 FF FF 00 00 00 00 00 00 00 00 00 00 B2 8B CF FF FF FF FF FF B2 8B CF FF 01 00 00 00 08 05 29 06 14 24 24 06 00 00 00 00 00 00 00 00 00 00 00 00 00 00 00 00 00 00 00 00 00 00 00 00 00 00 00 00 00 00 00 00 00 00 00 00 00 00 00 00 00 00 00 00 00 00 00 00 00 00 00 00 00 00 00 00 00 00 00 00 00 00 00 00 00 00 00 00 00 00 00 00 FF FF FF FF 27 00 00 00 06 00 06 00 08 00 00 00
Aubin,Viking,0D 00 00 00 FF FF FF FF 00 00 00 00 00 00 00 00 01 00 00 00 00 00 00 00 00 00 00 00 00 00 00 00 FF 00 00 00 FF FF FF FF 08 04 02 00 0A 00 00 00 01 01 FF 48 10 00 00 00 AF 2E 01 00 1B 00 38 00 00 00 00 00 00 00 00 00 00 00 00 00 00 00 00 00 00 00 00 00 00 00 00 00 00 00 00 00 00 00 00 00 05 00 00 00 FF FF 00 00 00 00 00 00 00 00 00 00 04 00 00 00 FF FF 00 00 00 00 00 00 00 00 00 00 03 00 00 00 FF FF 00 00 00 00 00 00 00 00 00 00 08 00 00 00 FF FF 00 00 00 00 00 00 00 00 00 00 07 00 00 00 FF FF 00 00 00 00 00 00 00 00 00 00 00 00 00 00 FF FF 00 00 00 00 00 00 00 00 00 00 00 00 00 00 FF FF 00 00 00 00 00 00 00 00 00 00 00 00 00 00 FF FF 00 00 00 00 00 00 00 00 00 00 00 00 00 00 FF FF 00 00 00 00 00 00 00 00 00 00 00 00 00 00 FF FF 00 00 00 00 00 00 00 00 00 00 00 00 00 00 FF FF 00 00 00 00 00 00 00 00 00 00 00 00 00 00 FF FF 00 00 00 00 00 00 00 00 00 00 00 00 00 00 FF FF 00 00 00 00 00 00 00 00 00 00 00 00 00 00 FF FF 00 00 00 00 00 00 00 00 00 00 00 00 00 00 FF FF 00 00 00 00 00 00 00 00 00 00 00 00 00 00 FF FF 00 00 00 00 00 00 00 00 00 00 E5 7D 2F FF FF FF FF FF E5 7D 2F FF 01 00 00 00 21 14 23 28 24 31 31 06 00 00 00 00 00 00 00 00 00 00 00 00 00 00 00 00 00 00 00 00 00 00 00 00 00 00 00 00 00 00 00 00 00 00 00 00 00 00 00 00 00 00 00 00 00 00 00 00 00 00 00 00 00 00 00 00 00 00 00 00 00 00 00 00 00 00 00 00 00 00 00 00 FF FF FF FF 91 01 00 00 06 00 06 00 08 00 00 00
Rolf,Sniper,0E 00 00 00 FF FF FF FF 00 00 00 00 00 00 00 00 01 00 00 00 00 00 00 00 02 00 00 00 02 00 00 00 FF 00 00 00 FF FF FF FF 14 02 07 00 03 00 00 00 01 01 FF 4D 34 00 00 00 26 35 01 00 1B 00 38 00 00 00 00 00 00 00 00 00 00 00 00 00 00 00 00 00 00 00 00 00 00 00 00 00 00 00 00 00 38 00 00 00 05 00 00 00 FF FF 00 00 00 00 00 00 38 00 59 00 04 00 00 00 FF FF 00 00 00 00 00 00 38 00 00 00 03 00 00 00 FF FF 00 00 00 00 00 00 51 00 00 00 09 00 00 00 FF FF 00 00 00 00 00 00 00 00 00 00 08 00 00 00 FF FF 00 00 00 00 00 00 00 00 00 00 07 00 00 00 FF FF 00 00 00 00 00 00 00 00 00 00 00 00 00 00 FF FF 00 00 00 00 00 00 00 00 00 00 00 00 00 00 FF FF 00 00 00 00 00 00 00 00 00 00 00 00 00 00 FF FF 00 00 00 00 00 00 00 00 00 00 00 00 00 00 FF FF 00 00 00 00 00 00 00 00 00 00 00 00 00 00 FF FF 00 00 00 00 00 00 00 00 00 00 00 00 00 00 FF FF 00 00 00 00 00 00 00 00 00 00 00 00 00 00 FF FF 00 00 00 00 00 00 00 00 00 00 00 00 00 00 FF FF 00 00 00 00 00 00 00 00 00 00 00 00 00 00 FF FF 00 00 00 00 00 00 00 00 00 00 00 00 00 00 FF FF 00 00 00 00 00 00 00 00 00 00 76 93 3C FF FF FF FF FF 8E B1 49 FF 01 00 00 00 1A 1A 1A 1F 1E 21 21 1A 00 00 00 00 00 00 00 00 00 00 00 00 00 00 00 00 00 00 00 00 00 00 00 00 00 00 00 00 00 00 00 00 00 00 00 00 00 00 00 00 00 00 00 00 00 00 00 00 00 00 00 00 00 00 00 00 00 00 00 00 00 00 00 00 00 00 00 00 00 00 00 00 FF FF FF FF 17 00 00 00 06 00 05 00 08 00 00 00
Bruno,Berserker,11 00 00 00 FF FF FF FF 00 00 00 00 00 00 00 00 01 00 00 00 00 00 00 00 00 00 00 00 00 00 00 00 FF 00 00 00 FF FF FF FF 10 03 04 00 05 00 02 03 01 01 FF 11 14 00 00 00 54 11 00 00 09 00 3F 00 00 00 00 00 00 00 00 00 00 00 00 00 00 00 00 00 00 00 00 00 00 00 00 00 00 00 00 00 00 00 00 00 03 00 00 00 FF FF 00 00 00 00 00 00 00 00 00 00 07 00 00 00 FF FF 00 00 00 00 00 00 00 00 00 00 00 00 00 00 FF FF 00 00 02 00 00 00 00 00 00 00 00 00 00 00 FF FF 00 00 00 00 00 00 00 00 00 00 00 00 00 00 FF FF 00 00 02 00 00 00 00 00 00 00 00 00 00 00 FF FF 00 00 02 00 00 00 00 00 00 00 00 00 00 00 FF FF 00 00 02 00 00 00 00 00 00 00 00 00 00 00 FF FF 00 00 02 00 00 00 00 00 00 00 00 00 00 00 FF FF 00 00 00 00 00 00 00 00 00 00 00 00 00 00 FF FF 00 00 00 00 00 00 00 00 00 00 00 00 00 00 FF FF 00 00 00 00 00 00 00 00 00 00 00 00 00 00 FF FF 00 00 00 00 00 00 00 00 00 00 00 00 00 00 FF FF 00 00 00 00 00 00 00 00 00 00 00 00 00 00 FF FF 00 00 00 00 00 00 00 00 00 00 00 00 00 00 FF FF 00 00 00 00 00 00 00 00 00 00 00 00 00 00 FF FF 00 00 00 00 00 00 00 00 00 00 B2 8B CF FF FF FF FF FF B2 8B CF FF 01 00 00 00 08 05 29 06 14 24 24 06 00 00 00 00 00 00 00 00 00 00 00 00 00 00 00 00 00 00 00 00 00 00 00 00 00 00 00 00 00 00 00 00 00 00 00 00 00 00 00 00 00 00 00 00 00 00 00 00 00 00 00 00 00 00 00 00 00 00 00 00 00 00 00 00 00 00 00 00 00 00 00 00 FF FF FF FF 92 01 00 00 06 00 06 00 08 00 00 00
Sharon,Bishop,16 00 00 00 FF FF FF FF 00 00 00 00 00 00 00 00 01 00 00 00 00 00 00 00 00 00 00 00 00 00 00 00 FF 00 00 00 FF FF FF FF 20 05 07 00 06 00 00 00 02 02 FF 53 17 00 00 00 83 34 00 00 0F 00 2A 00 00 00 00 00 00 00 00 00 00 00 00 00 00 00 00 00 00 00 00 00 00 00 00 00 00 00 00 00 17 00 00 00 03 00 00 00 FF FF 00 00 00 00 00 00 6A 00 00 00 09 00 00 00 FF FF 00 00 00 00 00 00 00 00 00 00 08 00 00 00 FF FF 00 00 00 00 00 00 17 00 00 00 07 00 00 00 FF FF 00 00 00 00 00 00 00 00 00 00 00 00 00 00 FF FF 00 00 00 00 00 00 00 00 00 00 00 00 00 00 FF FF 00 00 00 00 00 00 00 00 00 00 00 00 00 00 FF FF 00 00 00 00 00 00 00 00 00 00 00 00 00 00 FF FF 00 00 00 00 00 00 00 00 00 00 00 00 00 00 FF FF 00 00 00 00 00 00 00 00 00 00 00 00 00 00 FF FF 00 00 00 00 00 00 00 00 00 00 00 00 00 00 FF FF 00 00 00 00 00 00 00 00 00 00 00 00 00 00 FF FF 00 00 00 00 00 00 00 00 00 00 00 00 00 00 FF FF 00 00 00 00 00 00 00 00 00 00 00 00 00 00 FF FF 00 00 00 00 00 00 00 00 00 00 00 00 00 00 FF FF 00 00 00 00 00 00 00 00 00 00 00 00 00 00 FF FF 00 00 00 00 00 00 00 00 00 00 FF FF FF FF CC 33 00 FF FF 44 09 FF 01 00 00 00 19 04 24 27 26 2C 2C 21 00 00 00 00 00 00 00 00 00 00 00 00 00 00 00 00 00 00 00 00 00 00 00 00 00 00 00 00 00 00 00 00 00 00 00 00 00 00 00 00 00 00 00 00 00 00 00 00 00 00 00 00 00 00 00 00 00 00 00 00 00 00 00 00 00 00 00 00 00 00 00 00 FF FF FF FF 2D 00 00 00 06 00 05 00 08 00 00 00
Yahna,Sorceress,19 00 00 00 FF FF FF FF 00 00 00 00 00 00 00 00 01 00 00 00 00 00 00 00 02 00 00 00 02 00 00 00 FF 00 00 00 FF FF FF FF 24 02 02 00 03 00 00 00 02 01 FF 5C 1D 00 00 00 60 CB 00 00 18 00 2A 00 00 00 00 00 00 00 00 00 00 00 00 00 00 00 00 00 00 00 00 00 00 00 00 00 00 00 00 00 39 00 59 00 04 00 00 00 FF FF 00 00 00 00 00 00 39 00 00 00 03 00 00 00 FF FF 00 00 00 00 00 00 00 00 00 00 08 00 00 00 FF FF 00 00 00 00 00 00 00 00 00 00 07 00 00 00 FF FF 00 00 00 00 00 00 00 00 00 00 00 00 00 00 FF FF 00 00 00 00 00 00 00 00 00 00 00 00 00 00 FF FF 00 00 00 00 00 00 00 00 00 00 00 00 00 00 FF FF 00 00 00 00 00 00 00 00 00 00 00 00 00 00 FF FF 00 00 00 00 00 00 00 00 00 00 00 00 00 00 FF FF 00 00 00 00 00 00 00 00 00 00 00 00 00 00 FF FF 00 00 00 00 00 00 00 00 00 00 00 00 00 00 FF FF 00 00 00 00 00 00 00 00 00 00 00 00 00 00 FF FF 00 00 00 00 00 00 00 00 00 00 00 00 00 00 FF FF 00 00 00 00 00 00 00 00 00 00 00 00 00 00 FF FF 00 00 00 00 00 00 00 00 00 00 00 00 00 00 FF FF 00 00 00 00 00 00 00 00 00 00 00 00 00 00 FF FF 00 00 00 00 00 00 00 00 00 00 78 AA 46 FF FF FF FF FF 8C BC 5C FF 01 00 00 00 1B 1B 1B 20 1F 22 22 1B 00 00 00 00 00 00 00 00 00 00 00 00 00 00 00 00 00 00 00 00 00 00 00 00 00 00 00 00 00 00 00 00 00 00 00 00 00 00 00 00 00 00 00 00 00 00 00 00 00 00 00 00 00 00 00 00 00 00 00 00 00 00 00 00 00 00 00 00 00 00 00 00 FF FF FF FF 1E 00 00 00 06 00 05 00 08 00 00 00
Mordon,Breaker,1A 00 00 00 FF FF FF FF 00 00 00 00 00 00 00 00 01 00 00 00 00 00 00 00 00 00 00 00 00 00 00 00 FF 00 00 00 FF FF FF FF 12 02 02 00 04 00 00 00 01 01 FF 41 1B 00 00 00 D2 07 00 00 06 00 28 00 00 00 00 00 00 00 00 00 00 00 00 00 00 00 00 00 00 00 00 00 00 00 00 00 00 00 00 00 39 00 00 00 03 00 00 00 FF FF 00 00 00 00 00 00 00 00 00 00 07 00 00 00 FF FF 00 00 00 00 00 00 00 00 00 00 00 00 00 00 FF FF 00 00 02 00 00 00 00 00 00 00 00 00 00 00 FF FF 00 00 02 00 00 00 00 00 00 00 00 00 00 00 FF FF 00 00 02 00 00 00 00 00 00 00 00 00 00 00 FF FF 00 00 02 00 00 00 00 00 00 00 00 00 00 00 FF FF 00 00 02 00 00 00 00 00 00 00 00 00 00 00 FF FF 00 00 02 00 00 00 00 00 00 00 00 00 00 00 FF FF 00 00 00 00 00 00 00 00 00 00 00 00 00 00 FF FF 00 00 00 00 00 00 00 00 00 00 00 00 00 00 FF FF 00 00 00 00 00 00 00 00 00 00 00 00 00 00 FF FF 00 00 00 00 00 00 00 00 00 00 00 00 00 00 FF FF 00 00 00 00 00 00 00 00 00 00 00 00 00 00 FF FF 00 00 00 00 00 00 00 00 00 00 00 00 00 00 FF FF 00 00 00 00 00 00 00 00 00 00 00 00 00 00 FF FF 00 00 00 00 00 00 00 00 00 00 D7 C8 44 FF 00 00 00 FF D7 C8 44 FF 01 00 00 00 0D 0D 0D 0D 0C 0D 0D 0D 00 00 00 00 00 00 00 00 00 00 00 00 00 00 00 00 00 00 00 00 00 00 00 00 00 00 00 00 00 00 00 00 00 00 00 00 00 00 00 00 00 00 00 00 00 00 00 00 00 00 00 00 00 00 00 00 00 00 00 00 00 00 00 00 00 00 00 00 00 00 00 00 FF FF FF FF 0B 00 00 00 06 00 06 00 08 00 00 00
Berenice,Sellsword,1C 00 00 00 FF FF FF FF 00 00 00 00 00 00 00 00 01 00 00 00 00 00 00 00 00 00 00 00 00 00 00 00 FF 00 00 00 FF FF FF FF 0B 02 04 00 05 00 04 00 02 01 FF 0F 29 00 00 00 F3 37 00 00 0F 00 2E 00 00 00 00 00 00 00 00 00 00 00 00 00 00 00 00 00 00 00 00 00 00 00 00 00 00 00 00 00 11 00 00 00 04 00 00 00 FF FF 00 00 00 00 00 00 00 00 00 00 03 00 00 00 FF FF 00 00 00 00 00 00 00 00 00 00 07 00 00 00 FF FF 00 00 00 00 00 00 00 00 00 00 00 00 00 00 FF FF 00 00 00 00 00 00 00 00 00 00 00 00 00 00 FF FF 00 00 00 00 00 00 00 00 00 00 00 00 00 00 FF FF 00 00 00 00 00 00 00 00 00 00 00 00 00 00 FF FF 00 00 00 00 00 00 00 00 00 00 00 00 00 00 FF FF 00 00 00 00 00 00 00 00 00 00 00 00 00 00 FF FF 00 00 00 00 00 00 00 00 00 00 00 00 00 00 FF FF 00 00 00 00 00 00 00 00 00 00 00 00 00 00 FF FF 00 00 00 00 00 00 00 00 00 00 00 00 00 00 FF FF 00 00 00 00 00 00 00 00 00 00 00 00 00 00 FF FF 00 00 00 00 00 00 00 00 00 00 00 00 00 00 FF FF 00 00 00 00 00 00 00 00 00 00 00 00 00 00 FF FF 00 00 00 00 00 00 00 00 00 00 00 00 00 00 FF FF 00 00 00 00 00 00 00 00 00 00 E5 7D 2F FF FF FF FF FF E5 7D 2F FF 01 00 00 00 16 16 16 10 1A 1D 1D 16 00 00 00 00 00 00 00 00 00 00 00 00 00 00 00 00 00 00 00 00 00 00 00 00 00 00 00 00 00 00 00 00 00 00 00 00 00 00 00 00 00 00 00 00 00 00 00 00 00 00 00 00 00 00 00 00 00 00 00 00 00 00 00 00 00 00 00 00 00 00 00 00 FF FF FF FF 21 00 00 00 06 00 06 00 08 00 00 00
Ochlys,Feathersword,1D 00 00 00 FF FF FF FF 00 00 00 00 00 00 00 00 01 00 00 00 00 00 00 00 00 00 00 00 00 00 00 00 FF 00 00 00 FF FF FF FF 31 08 08 00 02 00 00 00 02 01 FF 49 15 00 00 00 9A 32 00 00 0F 00 26 00 00 00 00 00 00 00 00 00 00 00 00 00 00 00 00 00 00 00 00 00 00 00 00 00 00 00 00 00 00 00 00 00 04 00 00 00 FF FF 00 00 00 00 00 00 00 00 00 00 03 00 00 00 FF FF 00 00 00 00 00 00 00 00 00 00 08 00 00 00 FF FF 00 00 00 00 00 00 00 00 00 00 07 00 00 00 FF FF 00 00 00 00 00 00 00 00 00 00 00 00 00 00 FF FF 00 00 00 00 00 00 00 00 00 00 00 00 00 00 FF FF 00 00 00 00 00 00 00 00 00 00 00 00 00 00 FF FF 00 00 00 00 00 00 00 00 00 00 00 00 00 00 FF FF 00 00 00 00 00 00 00 00 00 00 00 00 00 00 FF FF 00 00 00 00 00 00 00 00 00 00 00 00 00 00 FF FF 00 00 00 00 00 00 00 00 00 00 00 00 00 00 FF FF 00 00 00 00 00 00 00 00 00 00 00 00 00 00 FF FF 00 00 00 00 00 00 00 00 00 00 00 00 00 00 FF FF 00 00 00 00 00 00 00 00 00 00 00 00 00 00 FF FF 00 00 00 00 00 00 00 00 00 00 00 00 00 00 FF FF 00 00 00 00 00 00 00 00 00 00 00 00 00 00 FF FF 00 00 00 00 00 00 00 00 00 00 FF FF FF FF 96 00 1E FF DE 00 2A FF 01 00 00 00 1F 07 22 26 25 28 28 1D 00 00 00 00 00 00 00 00 00 00 00 00 00 00 00 00 00 00 00 00 00 00 00 00 00 00 00 00 00 00 00 00 00 00 00 00 00 00 00 00 00 00 00 00 00 00 00 00 00 00 00 00 00 00 00 00 00 00 00 00 00 00 00 00 00 00 00 00 00 00 00 00 FF FF FF FF BC 00 00 00 06 00 04 00 08 00 00 00
Auch,Warlock,1E 00 00 00 FF FF FF FF 00 00 00 00 00 00 00 00 01 00 00 00 00 00 00 00 00 00 00 00 00 00 00 00 FF 00 00 00 FF FF FF FF 22 04 05 00 0C 00 00 00 01 04 FF 4A 49 00 00 00 8D 71 03 00 24 00 32 00 00 00 00 00 00 00 00 00 00 00 00 00 00 00 00 00 00 00 00 00 00 00 00 00 00 00 00 00 39 00 00 00 05 00 00 00 FF FF 00 00 00 00 00 00 39 00 00 00 04 00 00 00 FF FF 00 00 00 00 00 00 39 00 00 00 03 00 00 00 FF FF 00 00 00 00 00 00 00 00 00 00 09 00 00 00 FF FF 00 00 00 00 00 00 00 00 00 00 08 00 00 00 FF FF 00 00 00 00 00 00 00 00 00 00 07 00 00 00 FF FF 00 00 00 00 00 00 00 00 00 00 00 00 00 00 FF FF 00 00 00 00 00 00 00 00 00 00 00 00 00 00 FF FF 00 00 00 00 00 00 00 00 00 00 00 00 00 00 FF FF 00 00 00 00 00 00 00 00 00 00 00 00 00 00 FF FF 00 00 00 00 00 00 00 00 00 00 00 00 00 00 FF FF 00 00 00 00 00 00 00 00 00 00 00 00 00 00 FF FF 00 00 00 00 00 00 00 00 00 00 00 00 00 00 FF FF 00 00 00 00 00 00 00 00 00 00 00 00 00 00 FF FF 00 00 00 00 00 00 00 00 00 00 00 00 00 00 FF FF 00 00 00 00 00 00 00 00 00 00 00 00 00 00 FF FF 00 00 00 00 00 00 00 00 00 00 8F 57 B9 FF FF FF FF FF A1 72 C4 FF 01 00 00 00 0B 0B 0B 0B 0A 0B 0B 0B 00 00 00 00 00 00 00 00 00 00 00 00 00 00 00 00 00 00 00 00 00 00 00 00 00 00 00 00 00 00 00 00 00 00 00 00 00 00 00 00 00 00 00 00 00 00 00 00 00 00 00 00 00 00 00 00 00 00 00 00 00 00 00 00 00 00 00 00 00 00 00 00 FF FF FF FF 3C 00 00 00 06 00 05 00 08 00 00 00
Adel,Great Knight,20 00 00 00 FF FF FF FF 00 00 00 00 00 00 00 00 01 00 00 00 00 00 00 00 02 00 00 00 02 00 00 00 FF 00 00 00 FF FF FF FF 1A 02 08 00 01 00 00 00 01 02 FF 01 20 00 00 00 5F 42 00 00 10 00 38 00 00 00 00 00 00 00 00 00 00 00 00 00 00 00 00 00 00 00 00 00 00 00 00 00 00 00 00 00 05 00 00 00 04 00 00 00 FF FF 00 00 00 00 00 00 00 00 00 00 03 00 00 00 FF FF 00 00 00 00 00 00 00 00 00 00 08 00 00 00 FF FF 00 00 00 00 00 00 00 00 00 00 07 00 00 00 FF FF 00 00 00 00 00 00 00 00 00 00 00 00 00 00 FF FF 00 00 00 00 00 00 00 00 00 00 00 00 00 00 FF FF 00 00 00 00 00 00 00 00 00 00 00 00 00 00 FF FF 00 00 00 00 00 00 00 00 00 00 00 00 00 00 FF FF 00 00 00 00 00 00 00 00 00 00 00 00 00 00 FF FF 00 00 00 00 00 00 00 00 00 00 00 00 00 00 FF FF 00 00 00 00 00 00 00 00 00 00 00 00 00 00 FF FF 00 00 00 00 00 00 00 00 00 00 00 00 00 00 FF FF 00 00 00 00 00 00 00 00 00 00 00 00 00 00 FF FF 00 00 00 00 00 00 00 00 00 00 00 00 00 00 FF FF 00 00 00 00 00 00 00 00 00 00 00 00 00 00 FF FF 00 00 00 00 00 00 00 00 00 00 00 00 00 00 FF FF 00 00 00 00 00 00 00 00 00 00 47 BD C3 FF FF FF FF FF 62 C7 CC FF 01 00 00 00 13 19 02 1B 1F 17 17 17 00 00 00 00 00 00 00 00 00 00 00 00 00 00 00 00 00 00 00 00 00 00 00 00 00 00 00 00 00 00 00 00 00 00 00 00 00 00 00 00 00 00 00 00 00 00 00 00 00 00 00 00 00 00 00 00 00 00 00 00 00 00 00 00 00 00 00 00 00 00 00 00 FF FF FF FF 26 00 00 00 06 00 05 00 08 00 00 00
Fran,Gryphon Master,23 00 00 00 FF FF FF FF 00 00 00 00 00 00 00 00 01 00 00 00 00 00 00 00 02 00 00 00 02 00 00 00 FF 00 00 00 FF FF FF FF 2A 06 02 00 06 00 00 01 02 01 FF 1D 26 00 00 00 9E 29 00 00 0E 00 27 00 00 00 00 00 00 00 00 00 00 00 00 00 00 00 00 00 00 00 00 00 00 00 00 00 00 00 00 00 37 00 00 00 03 00 00 00 FF FF 00 00 00 00 00 00 70 00 00 00 07 00 00 00 FF FF 00 00 00 00 00 00 00 00 00 00 00 00 00 00 FF FF 00 00 02 00 00 00 00 00 00 00 00 00 00 00 FF FF 00 00 00 00 00 00 00 00 00 00 00 00 00 00 FF FF 00 00 02 00 00 00 00 00 00 00 00 00 00 00 FF FF 00 00 02 00 00 00 00 00 00 00 00 00 00 00 FF FF 00 00 02 00 00 00 00 00 00 00 00 00 00 00 FF FF 00 00 02 00 00 00 00 00 00 00 00 00 00 00 FF FF 00 00 00 00 00 00 00 00 00 00 00 00 00 00 FF FF 00 00 00 00 00 00 00 00 00 00 00 00 00 00 FF FF 00 00 00 00 00 00 00 00 00 00 00 00 00 00 FF FF 00 00 00 00 00 00 00 00 00 00 00 00 00 00 FF FF 00 00 00 00 00 00 00 00 00 00 00 00 00 00 FF FF 00 00 00 00 00 00 00 00 00 00 00 00 00 00 FF FF 00 00 00 00 00 00 00 00 00 00 00 00 00 00 FF FF 00 00 00 00 00 00 00 00 00 00 53 8D D5 FF FF FF FF FF 8D B4 E2 FF 01 00 00 00 12 12 12 17 16 19 19 12 00 00 00 00 00 00 00 00 00 00 00 00 00 00 00 00 00 00 00 00 00 00 00 00 00 00 00 00 00 00 00 00 00 00 00 00 00 00 00 00 00 00 00 00 00 00 00 00 00 00 00 00 00 00 00 00 00 00 00 00 00 00 00 00 00 00 00 00 00 00 00 00 FF FF FF FF 37 00 00 00 06 00 04 00 08 00 00 00
Nina,Warrior,28 00 00 00 FF FF FF FF 00 00 00 00 00 00 00 00 01 00 00 00 00 00 00 00 00 00 00 00 00 00 00 00 FF 00 00 00 FF FF FF FF 11 06 09 00 0A 00 04 02 02 02 FF 45 2B 00 00 00 8F 1D 00 00 0C 00 27 00 00 00 00 00 00 00 00 00 00 00 00 00 00 00 00 00 00 00 00 00 00 00 00 00 00 00 00 00 11 00 00 00 04 00 00 00 FF FF 00 00 00 00 00 00 39 00 00 00 03 00 00 00 FF FF 00 00 00 00 00 00 00 00 00 00 07 00 00 00 FF FF 00 00 00 00 00 00 00 00 00 00 00 00 00 00 FF FF 00 00 00 00 00 00 00 00 00 00 00 00 00 00 FF FF 00 00 00 00 00 00 00 00 00 00 00 00 00 00 FF FF 00 00 00 00 00 00 00 00 00 00 00 00 00 00 FF FF 00 00 00 00 00 00 00 00 00 00 00 00 00 00 FF FF 00 00 00 00 00 00 00 00 00 00 00 00 00 00 FF FF 00 00 00 00 00 00 00 00 00 00 00 00 00 00 FF FF 00 00 00 00 00 00 00 00 00 00 00 00 00 00 FF FF 00 00 00 00 00 00 00 00 00 00 00 00 00 00 FF FF 00 00 00 00 00 00 00 00 00 00 00 00 00 00 FF FF 00 00 00 00 00 00 00 00 00 00 00 00 00 00 FF FF 00 00 00 00 00 00 00 00 00 00 00 00 00 00 FF FF 00 00 00 00 00 00 00 00 00 00 00 00 00 00 FF FF 00 00 00 00 00 00 00 00 00 00 E2 6B 0A FF FF FF FF FF F6 8B 32 FF 01 00 00 00 07 0D 1D 28 26 15 15 10 00 00 00 00 00 00 00 00 00 00 00 00 00 00 00 00 00 00 00 00 00 00 00 00 00 00 00 00 00 00 00 00 00 00 00 00 00 00 00 00 00 00 00 00 00 00 00 00 00 00 00 00 00 00 00 00 00 00 00 00 00 00 00 00 00 00 00 00 00 00 00 00 FF FF FF FF 2E 00 00 00 06 00 06 00 08 00 00 00
Miriam,Sainted Knight,2A 00 00 00 FF FF FF FF 00 00 00 00 00 00 00 00 01 00 00 00 00 00 00 00 02 00 00 00 02 00 00 00 FF 00 00 00 FF FF FF FF 1C 02 07 00 06 00 00 02 02 01 FF 43 25 00 00 00 F0 46 00 00 11 00 3A 00 00 00 00 00 00 00 00 00 00 00 00 00 00 00 00 00 00 00 00 00 00 00 00 00 00 00 00 00 17 00 00 00 04 00 00 00 FF FF 00 00 00 00 00 00 00 00 00 00 03 00 00 00 FF FF 00 00 00 00 00 00 00 00 00 00 08 00 00 00 FF FF 00 00 00 00 00 00 00 00 00 00 07 00 00 00 FF FF 00 00 00 00 00 00 00 00 00 00 00 00 00 00 FF FF 00 00 00 00 00 00 00 00 00 00 00 00 00 00 FF FF 00 00 00 00 00 00 00 00 00 00 00 00 00 00 FF FF 00 00 00 00 00 00 00 00 00 00 00 00 00 00 FF FF 00 00 00 00 00 00 00 00 00 00 00 00 00 00 FF FF 00 00 00 00 00 00 00 00 00 00 00 00 00 00 FF FF 00 00 00 00 00 00 00 00 00 00 00 00 00 00 FF FF 00 00 00 00 00 00 00 00 00 00 00 00 00 00 FF FF 00 00 00 00 00 00 00 00 00 00 00 00 00 00 FF FF 00 00 00 00 00 00 00 00 00 00 00 00 00 00 FF FF 00 00 00 00 00 00 00 00 00 00 00 00 00 00 FF FF 00 00 00 00 00 00 00 00 00 00 00 00 00 00 FF FF 00 00 00 00 00 00 00 00 00 00 53 8D D5 FF FF FF FF FF 8D B4 E2 FF 01 00 00 00 12 12 12 17 16 19 19 12 00 00 00 00 00 00 00 00 00 00 00 00 00 00 00 00 00 00 00 00 00 00 00 00 00 00 00 00 00 00 00 00 00 00 00 00 00 00 00 00 00 00 00 00 00 00 00 00 00 00 00 00 00 00 00 00 00 00 00 00 00 00 00 00 00 00 00 00 00 00 00 00 FF FF FF FF 36 00 00 00 06 00 05 00 08 00 00 00
Kitra,Warrior,2B 00 00 00 FF FF FF FF 00 00 00 00 00 00 00 00 01 00 00 00 00 00 00 00 02 00 00 00 02 00 00 00 FF 00 00 00 FF FF FF FF 11 02 08 00 06 00 00 08 02 01 FF 34 24 00 00 00 45 0E 00 00 09 00 25 00 00 00 00 00 00 00 00 00 00 00 00 00 00 00 00 00 00 00 00 00 00 00 00 00 00 00 00 00 00 00 00 00 00 00 00 00 FF FF 00 00 00 00 00 00 00 00 00 00 00 00 00 00 FF FF 00 00 00 00 00 00 00 00 00 00 00 00 00 00 FF FF 00 00 00 00 00 00 00 00 00 00 00 00 00 00 FF FF 00 00 00 00 00 00 00 00 00 00 00 00 00 00 FF FF 00 00 00 00 00 00 00 00 00 00 00 00 00 00 FF FF 00 00 00 00 00 00 00 00 00 00 00 00 00 00 FF FF 00 00 00 00 00 00 00 00 00 00 00 00 00 00 FF FF 00 00 00 00 00 00 00 00 00 00 00 00 00 00 FF FF 00 00 00 00 00 00 00 00 00 00 00 00 00 00 FF FF 00 00 00 00 00 00 00 00 00 00 00 00 00 00 FF FF 00 00 00 00 00 00 00 00 00 00 00 00 00 00 FF FF 00 00 00 00 00 00 00 00 00 00 00 00 00 00 FF FF 00 00 00 00 00 00 00 00 00 00 00 00 00 00 FF FF 00 00 00 00 00 00 00 00 00 00 00 00 00 00 FF FF 00 00 00 00 00 00 00 00 00 00 00 00 00 00 FF FF 00 00 00 00 00 00 00 00 00 00 53 8D D5 FF FF FF FF FF 8D B4 E2 FF 01 00 00 00 12 12 12 17 16 19 19 12 00 00 00 00 00 00 00 00 00 00 00 00 00 00 00 00 00 00 00 00 00 00 00 00 00 00 00 00 00 00 00 00 00 00 00 00 00 00 00 00 00 00 00 00 00 00 00 00 00 00 00 00 00 00 00 00 00 00 00 00 00 00 00 00 00 00 00 00 00 00 00 00 FF FF FF FF AF 00 00 00 06 00 06 00 08 00 00 00
Rosalinde,Elven Augur,2C 00 00 00 FF FF FF FF 00 00 00 00 00 00 00 00 01 00 00 00 00 00 00 00 00 00 00 00 00 00 00 00 FF 00 00 00 FF FF FF FF 3A 09 02 00 05 02 00 07 02 00 FF 51 73 00 00 00 63 2C 13 00 32 00 49 00 03 00 01 05 00 00 01 00 00 05 00 00 00 00 00 00 00 00 00 00 00 00 00 00 00 00 00 00 09 00 00 00 05 00 00 00 FF FF 00 00 00 00 00 00 08 00 00 00 04 00 00 00 FF FF 00 00 00 00 00 00 70 00 00 00 03 00 00 00 FF FF 00 00 00 00 00 00 86 00 00 00 09 00 00 00 FF FF 00 00 00 00 00 00 00 00 00 00 08 00 00 00 FF FF 00 00 00 00 00 00 12 00 00 00 07 00 00 00 FF FF 00 00 00 00 00 00 00 00 00 00 00 00 00 00 FF FF 00 00 02 00 00 00 00 00 00 00 00 00 00 00 FF FF 00 00 00 00 00 00 00 00 00 00 00 00 00 00 FF FF 00 00 00 00 00 00 00 00 00 00 00 00 00 00 FF FF 00 00 00 00 00 00 00 00 00 00 00 00 00 00 FF FF 00 00 00 00 00 00 00 00 00 00 00 00 00 00 FF FF 00 00 00 00 00 00 00 00 00 00 00 00 00 00 FF FF 00 00 00 00 00 00 00 00 00 00 00 00 00 00 FF FF 00 00 00 00 00 00 00 00 00 00 00 00 00 00 FF FF 00 00 00 00 00 00 00 00 00 00 00 00 00 00 FF FF 00 00 00 00 00 00 00 00 00 00 7C D4 5A FF FF FF FF FF 7C D4 5A FF 01 00 00 00 19 19 19 1E 1D 25 25 19 00 00 00 00 00 00 00 00 00 00 00 00 00 00 00 00 00 00 00 00 00 00 00 00 00 00 00 00 00 00 00 00 00 00 00 00 00 00 00 00 00 00 00 00 00 00 00 00 00 00 00 00 00 00 00 00 00 00 00 00 00 00 00 00 00 00 00 00 00 00 00 00 FF FF FF FF B6 00 00 00 06 00 05 00 08 00 00 00
Selvie,Druid,2D 00 00 00 FF FF FF FF 00 00 00 00 00 00 00 00 01 00 00 00 00 00 00 00 00 00 00 00 00 00 00 00 FF 00 00 00 FF FF FF FF 26 07 04 00 02 00 00 00 02 01 FF 54 4B 00 00 00 52 7D 01 00 1D 00 4C 00 00 00 00 00 00 00 00 00 00 00 00 00 00 00 00 00 00 00 00 00 00 00 00 00 00 00 00 00 39 00 00 00 05 00 00 00 FF FF 00 00 00 00 00 00 00 00 00 00 04 00 00 00 FF FF 00 00 00 00 00 00 00 00 00 00 03 00 00 00 FF FF 00 00 00 00 00 00 00 00 00 00 08 00 00 00 FF FF 00 00 00 00 00 00 00 00 00 00 07 00 00 00 FF FF 00 00 00 00 00 00 00 00 00 00 00 00 00 00 FF FF 00 00 00 00 00 00 00 00 00 00 00 00 00 00 FF FF 00 00 00 00 00 00 00 00 00 00 00 00 00 00 FF FF 00 00 00 00 00 00 00 00 00 00 00 00 00 00 FF FF 00 00 00 00 00 00 00 00 00 00 00 00 00 00 FF FF 00 00 00 00 00 00 00 00 00 00 00 00 00 00 FF FF 00 00 00 00 00 00 00 00 00 00 00 00 00 00 FF FF 00 00 00 00 00 00 00 00 00 00 00 00 00 00 FF FF 00 00 00 00 00 00 00 00 00 00 00 00 00 00 FF FF 00 00 00 00 00 00 00 00 00 00 00 00 00 00 FF FF 00 00 00 00 00 00 00 00 00 00 00 00 00 00 FF FF 00 00 00 00 00 00 00 00 00 00 5F 93 19 FF FF FF FF FF 5F 93 19 FF 01 00 00 00 1A 10 28 29 08 32 32 22 00 00 00 00 00 00 00 00 00 00 00 00 00 00 00 00 00 00 00 00 00 00 00 00 00 00 00 00 00 00 00 00 00 00 00 00 00 00 00 00 00 00 00 00 00 00 00 00 00 00 00 00 00 00 00 00 00 00 00 00 00 00 00 00 00 00 00 00 00 00 00 00 FF FF FF FF 90 00 00 00 06 00 06 00 08 00 00 00
Virginia,Valkyria,31 00 00 00 FF FF FF FF 00 00 00 00 00 00 00 00 01 00 00 00 00 00 00 00 02 00 00 00 02 00 00 00 FF 00 00 00 FF FF FF FF 38 03 01 00 06 00 00 00 02 00 FF 5B 4C 00 00 00 76 1E 00 00 0C 00 36 00 00 00 00 00 00 00 00 00 00 00 00 00 00 00 00 00 00 00 00 00 00 00 00 00 00 00 00 00 43 00 00 00 04 00 00 00 FF FF 00 00 00 00 00 00 38 00 00 00 03 00 00 00 FF FF 00 00 00 00 00 00 00 00 00 00 00 00 00 00 FF FF 00 00 02 00 00 00 00 00 00 00 00 00 00 00 FF FF 00 00 00 00 00 00 00 00 00 00 00 00 00 00 FF FF 00 00 00 00 00 00 00 00 00 00 00 00 00 00 FF FF 00 00 02 00 00 00 00 00 00 00 00 00 00 00 FF FF 00 00 02 00 00 00 00 00 00 00 00 00 00 00 FF FF 00 00 02 00 00 00 00 00 00 00 00 00 00 00 FF FF 00 00 00 00 00 00 00 00 00 00 00 00 00 00 FF FF 00 00 00 00 00 00 00 00 00 00 00 00 00 00 FF FF 00 00 00 00 00 00 00 00 00 00 00 00 00 00 FF FF 00 00 00 00 00 00 00 00 00 00 00 00 00 00 FF FF 00 00 00 00 00 00 00 00 00 00 00 00 00 00 FF FF 00 00 00 00 00 00 00 00 00 00 00 00 00 00 FF FF 00 00 00 00 00 00 00 00 00 00 00 00 00 00 FF FF 00 00 00 00 00 00 00 00 00 00 2C 50 A9 FF FF FF FF FF 5D 7F D5 FF 01 00 00 00 02 02 02 02 02 02 02 02 00 00 00 00 00 00 00 00 00 00 00 00 00 00 00 00 00 00 00 00 00 00 00 00 00 00 00 00 00 00 00 00 00 00 00 00 00 00 00 00 00 00 00 00 00 00 00 00 00 00 00 00 00 00 00 00 00 00 00 00 00 00 00 00 00 00 00 00 00 00 00 00 FF FF FF FF AB 00 00 00 06 00 06 00 08 00 00 00
Leah,Swordmaster,32 00 00 00 FF FF FF FF 00 00 00 00 00 00 00 00 01 00 00 00 00 00 00 00 00 00 00 00 00 00 00 00 FF 00 00 00 FF FF FF FF 0A 08 05 00 06 00 00 00 02 01 FF 4C 4D 00 00 00 61 16 02 00 20 00 32 00 00 00 00 00 00 00 00 00 00 00 00 00 00 00 00 00 00 00 00 00 00 00 00 00 00 00 00 00 00 00 00 00 05 00 00 00 FF FF 00 00 00 00 00 00 11 00 00 00 04 00 00 00 FF FF 00 00 00 00 00 00 00 00 00 00 03 00 00 00 FF FF 00 00 00 00 00 00 00 00 00 00 09 00 00 00 FF FF 00 00 00 00 00 00 00 00 00 00 08 00 00 00 FF FF 00 00 00 00 00 00 3A 00 00 00 07 00 00 00 FF FF 00 00 00 00 00 00 00 00 00 00 00 00 00 00 FF FF 00 00 00 00 00 00 00 00 00 00 00 00 00 00 FF FF 00 00 00 00 00 00 00 00 00 00 00 00 00 00 FF FF 00 00 00 00 00 00 00 00 00 00 00 00 00 00 FF FF 00 00 00 00 00 00 00 00 00 00 00 00 00 00 FF FF 00 00 00 00 00 00 00 00 00 00 00 00 00 00 FF FF 00 00 00 00 00 00 00 00 00 00 00 00 00 00 FF FF 00 00 00 00 00 00 00 00 00 00 00 00 00 00 FF FF 00 00 00 00 00 00 00 00 00 00 00 00 00 00 FF FF 00 00 00 00 00 00 00 00 00 00 00 00 00 00 FF FF 00 00 00 00 00 00 00 00 00 00 FF 9F 00 FF CF 30 30 FF FF BA 4B FF 01 00 00 00 03 03 03 03 03 03 03 03 00 00 00 00 00 00 00 00 00 00 00 00 00 00 00 00 00 00 00 00 00 00 00 00 00 00 00 00 00 00 00 00 00 00 00 00 00 00 00 00 00 00 00 00 00 00 00 00 00 00 00 00 00 00 00 00 00 00 00 00 00 00 00 00 00 00 00 00 00 00 00 00 FF FF FF FF 96 00 00 00 06 00 06 00 08 00 00 00
Primm,Bishop,33 00 00 00 FF FF FF FF 00 00 00 00 00 00 00 00 01 00 00 00 00 00 00 00 02 00 00 00 02 00 00 00 FF 00 00 00 FF FF FF FF 20 01 07 00 07 00 00 00 02 01 FF 4B 4E 00 00 00 81 4F 06 00 29 00 52 00 00 00 00 00 00 00 00 00 00 00 00 00 00 00 00 00 00 00 00 00 00 00 00 00 00 00 00 00 17 00 00 00 04 00 00 00 FF FF 00 00 00 00 00 00 17 00 00 00 03 00 00 00 FF FF 00 00 00 00 00 00 00 00 00 00 0A 00 00 00 FF FF 00 00 00 00 00 00 6A 00 00 00 09 00 00 00 FF FF 00 00 00 00 00 00 00 00 00 00 08 00 00 00 FF FF 00 00 00 00 00 00 17 00 00 00 07 00 00 00 FF FF 00 00 00 00 00 00 00 00 00 00 00 00 00 00 FF FF 00 00 00 00 00 00 00 00 00 00 00 00 00 00 FF FF 00 00 00 00 00 00 00 00 00 00 00 00 00 00 FF FF 00 00 00 00 00 00 00 00 00 00 00 00 00 00 FF FF 00 00 00 00 00 00 00 00 00 00 00 00 00 00 FF FF 00 00 00 00 00 00 00 00 00 00 00 00 00 00 FF FF 00 00 00 00 00 00 00 00 00 00 00 00 00 00 FF FF 00 00 00 00 00 00 00 00 00 00 00 00 00 00 FF FF 00 00 00 00 00 00 00 00 00 00 00 00 00 00 FF FF 00 00 00 00 00 00 00 00 00 00 00 00 00 00 FF FF 00 00 00 00 00 00 00 00 00 00 FF FF FF FF CC 33 00 FF FF 44 09 FF 01 00 00 00 19 04 24 27 26 2C 2C 21 00 00 00 00 00 00 00 00 00 00 00 00 00 00 00 00 00 00 00 00 00 00 00 00 00 00 00 00 00 00 00 00 00 00 00 00 00 00 00 00 00 00 00 00 00 00 00 00 00 00 00 00 00 00 00 00 00 00 00 00 00 00 00 00 00 00 00 00 00 00 00 00 FF FF FF FF 4C 00 00 00 06 00 05 00 08 00 00 00
Aramis,Swordmaster,34 00 00 00 FF FF FF FF 00 00 00 00 00 00 00 00 01 00 00 00 00 00 00 00 02 00 00 00 02 00 00 00 FF 00 00 00 FF FF FF FF 0A 09 01 00 08 02 07 04 01 01 FF 08 4F 00 00 00 CE E9 13 00 32 00 4D 00 05 05 05 00 05 05 05 05 05 05 00 00 00 00 00 00 00 00 00 00 00 00 00 00 00 00 00 00 AB 00 00 00 05 00 00 00 FF FF 00 00 00 00 00 00 11 00 00 00 04 00 00 00 FF FF 00 00 00 00 00 00 3A 00 00 00 03 00 00 00 FF FF 00 00 00 00 00 00 3C 00 00 00 05 00 00 00 FF FF 00 00 00 00 00 00 00 00 00 00 08 00 00 00 FF FF 00 00 00 00 00 00 3A 00 00 00 07 00 00 00 FF FF 00 00 00 00 00 00 00 00 00 00 00 00 00 00 FF FF 00 00 00 00 00 00 00 00 00 00 00 00 00 00 FF FF 00 00 00 00 00 00 00 00 00 00 00 00 00 00 FF FF 00 00 00 00 00 00 00 00 00 00 00 00 00 00 FF FF 00 00 00 00 00 00 00 00 00 00 00 00 00 00 FF FF 00 00 00 00 00 00 00 00 00 00 00 00 00 00 FF FF 00 00 00 00 00 00 00 00 00 00 00 00 00 00 FF FF 00 00 00 00 00 00 00 00 00 00 00 00 00 00 FF FF 00 00 00 00 00 00 00 00 00 00 00 00 00 00 FF FF 00 00 00 00 00 00 00 00 00 00 00 00 00 00 FF FF 00 00 00 00 00 00 00 00 00 00 80 00 00 FF 00 00 14 FF 80 00 00 FF 01 00 00 00 03 17 13 1E 13 03 03 15 00 00 00 00 00 00 00 00 00 00 00 00 00 00 00 00 00 00 00 00 00 00 00 00 00 00 00 00 00 00 00 00 00 00 00 00 00 00 00 00 00 00 00 00 00 00 00 00 00 00 00 00 00 00 00 00 00 00 00 00 00 00 00 00 00 00 00 00 00 00 00 00 FF FF FF FF AC 00 00 00 06 00 06 00 08 00 00 00
Beregaria,Dark Marquess,35 00 00 00 FF FF FF FF 00 00 00 00 00 00 00 00 01 00 00 00 00 00 00 00 02 00 00 00 02 00 00 00 FF 00 00 00 FF FF FF FF 46 03 04 00 0B 00 00 00 02 01 FF 0E 64 00 00 00 79 AB 01 00 1E 00 44 00 00 00 00 00 00 00 00 00 00 00 00 00 00 00 00 00 00 00 00 00 00 00 00 00 00 00 00 00 24 00 00 00 05 00 00 00 FF FF 00 00 00 00 00 00 08 00 00 00 04 00 00 00 FF FF 00 00 00 00 00 00 00 00 00 00 03 00 00 00 FF FF 00 00 00 00 00 00 00 00 00 00 09 00 00 00 FF FF 00 00 00 00 00 00 00 00 00 00 08 00 00 00 FF FF 00 00 00 00 00 00 00 00 00 00 07 00 00 00 FF FF 00 00 00 00 00 00 00 00 00 00 00 00 00 00 FF FF 00 00 00 00 00 00 00 00 00 00 00 00 00 00 FF FF 00 00 00 00 00 00 00 00 00 00 00 00 00 00 FF FF 00 00 00 00 00 00 00 00 00 00 00 00 00 00 FF FF 00 00 00 00 00 00 00 00 00 00 00 00 00 00 FF FF 00 00 00 00 00 00 00 00 00 00 00 00 00 00 FF FF 00 00 00 00 00 00 00 00 00 00 00 00 00 00 FF FF 00 00 00 00 00 00 00 00 00 00 00 00 00 00 FF FF 00 00 00 00 00 00 00 00 00 00 00 00 00 00 FF FF 00 00 00 00 00 00 00 00 00 00 00 00 00 00 FF FF 00 00 00 00 00 00 00 00 00 00 5F 93 19 FF FF FF FF FF 8A D6 24 FF 01 00 00 00 15 03 03 13 12 13 13 15 00 00 00 00 00 00 00 00 00 00 00 00 00 00 00 00 00 00 00 00 00 00 00 00 00 00 00 00 00 00 00 00 00 00 00 00 00 00 00 00 00 00 00 00 00 00 00 00 00 00 00 00 00 00 00 00 00 00 00 00 00 00 00 00 00 00 00 00 00 00 00 00 FF FF FF FF CA 00 00 00 06 00 06 00 08 00 00 00
Renault,Great Knight,3F 00 00 00 FF FF FF FF 00 00 00 00 00 00 00 00 01 00 00 00 00 00 00 00 00 00 00 00 00 00 00 00 FF 00 00 00 FF FF FF FF 1A 03 07 00 00 00 01 02 01 04 FF 4F AC 00 00 00 86 7C 1D 00 32 00 64 00 00 00 00 00 00 00 00 00 00 00 00 00 00 00 00 00 00 00 00 00 00 00 00 00 00 00 00 00 00 00 00 00 05 00 00 00 FF FF 00 00 00 00 00 00 05 00 00 00 04 00 00 00 FF FF 00 00 00 00 00 00 00 00 00 00 03 00 00 00 FF FF 00 00 00 00 00 00 00 00 00 00 09 00 00 00 FF FF 00 00 00 00 00 00 00 00 00 00 08 00 00 00 FF FF 00 00 00 00 00 00 00 00 00 00 07 00 00 00 FF FF 00 00 00 00 00 00 00 00 00 00 00 00 00 00 FF FF 00 00 02 00 00 00 00 00 00 00 00 00 00 00 FF FF 00 00 00 00 00 00 00 00 00 00 00 00 00 00 FF FF 00 00 00 00 00 00 00 00 00 00 00 00 00 00 FF FF 00 00 00 00 00 00 00 00 00 00 00 00 00 00 FF FF 00 00 00 00 00 00 00 00 00 00 00 00 00 00 FF FF 00 00 00 00 00 00 00 00 00 00 00 00 00 00 FF FF 00 00 00 00 00 00 00 00 00 00 00 00 00 00 FF FF 00 00 00 00 00 00 00 00 00 00 00 00 00 00 FF FF 00 00 00 00 00 00 00 00 00 00 00 00 00 00 FF FF 00 00 00 00 00 00 00 00 00 00 2C 50 A9 FF FF FF FF FF 5D 7F D5 FF 01 00 00 00 02 02 02 02 02 02 02 02 00 00 00 00 00 00 00 00 00 00 00 00 00 00 00 00 00 00 00 00 00 00 00 00 00 00 00 00 00 00 00 00 00 00 00 00 00 00 00 00 00 00 00 00 00 00 00 00 00 00 00 00 00 00 00 00 00 00 00 00 00 00 00 00 00 00 00 00 00 00 00 00 FF FF FF FF 48 00 00 00 06 00 05 00 08 00 00 00
Mellisandre,Swordmaster,40 00 00 00 FF FF FF FF 00 00 00 00 00 00 00 00 01 00 00 00 00 00 00 00 00 00 00 00 00 00 00 00 FF 00 00 00 FF FF FF FF 0A 06 08 00 02 00 03 00 02 02 FF 3F 3C 00 00 00 33 3C 1D 00 32 00 3C 00 00 00 00 00 00 00 00 00 00 00 00 00 00 00 00 00 00 00 00 00 00 00 00 00 00 00 00 00 00 00 00 00 05 00 00 00 FF FF 00 00 00 00 00 00 11 00 00 00 04 00 00 00 FF FF 00 00 00 00 00 00 00 00 00 00 03 00 00 00 FF FF 00 00 00 00 00 00 00 00 00 00 09 00 00 00 FF FF 00 00 00 00 00 00 00 00 00 00 08 00 00 00 FF FF 00 00 00 00 00 00 3A 00 00 00 07 00 00 00 FF FF 00 00 00 00 00 00 00 00 00 00 00 00 00 00 FF FF 00 00 02 00 00 00 00 00 00 00 00 00 00 00 FF FF 00 00 02 00 00 00 00 00 00 00 00 00 00 00 FF FF 00 00 00 00 00 00 00 00 00 00 00 00 00 00 FF FF 00 00 00 00 00 00 00 00 00 00 00 00 00 00 FF FF 00 00 00 00 00 00 00 00 00 00 00 00 00 00 FF FF 00 00 00 00 00 00 00 00 00 00 00 00 00 00 FF FF 00 00 00 00 00 00 00 00 00 00 00 00 00 00 FF FF 00 00 00 00 00 00 00 00 00 00 00 00 00 00 FF FF 00 00 00 00 00 00 00 00 00 00 00 00 00 00 FF FF 00 00 00 00 00 00 00 00 00 00 01 6C BC FF FF FF FF FF 01 6C BC FF 01 00 00 00 13 13 13 15 13 2D 2D 13 00 00 00 00 00 00 00 00 00 00 00 00 00 00 00 00 00 00 00 00 00 00 00 00 00 00 00 00 00 00 00 00 00 00 00 00 00 00 00 00 00 00 00 00 00 00 00 00 00 00 00 00 00 00 00 00 00 00 00 00 00 00 00 00 00 00 00 00 00 00 00 00 FF FF FF FF 97 00 00 00 06 00 06 00 08 00 00 00
Colm,Vangurad,41 00 00 00 FF FF FF FF 00 00 00 00 00 00 00 00 01 00 00 00 00 00 00 00 00 00 00 00 00 00 00 00 FF 00 00 00 FF FF FF FF 04 04 09 00 0B 00 01 02 01 04 FF 16 3D 00 00 00 74 13 02 00 20 00 46 00 00 00 00 00 00 00 00 00 00 00 00 00 00 00 00 00 00 00 00 00 00 00 00 00 00 00 00 00 00 00 00 00 05 00 00 00 FF FF 00 00 00 00 00 00 00 00 00 00 04 00 00 00 FF FF 00 00 00 00 00 00 00 00 00 00 03 00 00 00 FF FF 00 00 00 00 00 00 03 00 00 00 09 00 00 00 FF FF 00 00 00 00 00 00 00 00 00 00 08 00 00 00 FF FF 00 00 00 00 00 00 00 00 00 00 07 00 00 00 FF FF 00 00 00 00 00 00 00 00 00 00 00 00 00 00 FF FF 00 00 00 00 00 00 00 00 00 00 00 00 00 00 FF FF 00 00 00 00 00 00 00 00 00 00 00 00 00 00 FF FF 00 00 00 00 00 00 00 00 00 00 00 00 00 00 FF FF 00 00 00 00 00 00 00 00 00 00 00 00 00 00 FF FF 00 00 00 00 00 00 00 00 00 00 00 00 00 00 FF FF 00 00 00 00 00 00 00 00 00 00 00 00 00 00 FF FF 00 00 00 00 00 00 00 00 00 00 00 00 00 00 FF FF 00 00 00 00 00 00 00 00 00 00 00 00 00 00 FF FF 00 00 00 00 00 00 00 00 00 00 00 00 00 00 FF FF 00 00 00 00 00 00 00 00 00 00 01 6C BC FF FF FF FF FF 01 6C BC FF 01 00 00 00 13 13 13 15 13 2D 2D 13 00 00 00 00 00 00 00 00 00 00 00 00 00 00 00 00 00 00 00 00 00 00 00 00 00 00 00 00 00 00 00 00 00 00 00 00 00 00 00 00 00 00 00 00 00 00 00 00 00 00 00 00 00 00 00 00 00 00 00 00 00 00 00 00 00 00 00 00 00 00 00 00 FF FF FF FF 53 00 00 00 06 00 06 00 08 00 00 00
Monica,Sainted Knight,42 00 00 00 FF FF FF FF 00 00 00 00 00 00 00 00 01 00 00 00 00 00 00 00 00 00 00 00 00 00 00 00 FF 00 00 00 FF FF FF FF 1C 01 07 00 08 00 07 03 02 02 FF 40 3F 00 00 00 BD 0C 03 00 23 00 5D 00 00 00 00 00 00 00 00 00 00 00 00 00 00 00 00 00 00 00 00 00 00 00 00 00 00 00 00 00 6F 00 00 00 05 00 00 00 FF FF 00 00 00 00 00 00 12 00 00 00 04 00 00 00 FF FF 00 00 00 00 00 00 00 00 00 00 03 00 00 00 FF FF 00 00 00 00 00 00 4C 00 00 00 09 00 00 00 FF FF 00 00 00 00 00 00 00 00 00 00 08 00 00 00 FF FF 00 00 00 00 00 00 00 00 00 00 07 00 00 00 FF FF 00 00 00 00 00 00 00 00 00 00 00 00 00 00 FF FF 00 00 00 00 00 00 00 00 00 00 00 00 00 00 FF FF 00 00 00 00 00 00 00 00 00 00 00 00 00 00 FF FF 00 00 00 00 00 00 00 00 00 00 00 00 00 00 FF FF 00 00 00 00 00 00 00 00 00 00 00 00 00 00 FF FF 00 00 00 00 00 00 00 00 00 00 00 00 00 00 FF FF 00 00 00 00 00 00 00 00 00 00 00 00 00 00 FF FF 00 00 00 00 00 00 00 00 00 00 00 00 00 00 FF FF 00 00 00 00 00 00 00 00 00 00 00 00 00 00 FF FF 00 00 00 00 00 00 00 00 00 00 00 00 00 00 FF FF 00 00 00 00 00 00 00 00 00 00 99 99 FF FF FF FF FF FF 99 99 FF FF 01 00 00 00 0A 0A 0A 0A 09 0A 0A 0A 00 00 00 00 00 00 00 00 00 00 00 00 00 00 00 00 00 00 00 00 00 00 00 00 00 00 00 00 00 00 00 00 00 00 00 00 00 00 00 00 00 00 00 00 00 00 00 00 00 00 00 00 00 00 00 00 00 00 00 00 00 00 00 00 00 00 00 00 00 00 00 00 FF FF FF FF 59 00 00 00 06 00 05 00 08 00 00 00
Magellan,Landsknecht,43 00 00 00 FF FF FF FF 00 00 00 00 00 00 00 00 01 00 00 00 00 00 00 00 00 00 00 00 00 00 00 00 FF 00 00 00 FF FF FF FF 0C 09 02 00 08 00 01 07 01 01 FF 3E 52 00 00 00 2A 3C 13 00 32 00 75 00 05 01 05 01 05 05 05 05 05 05 00 00 00 00 00 00 00 00 00 00 00 00 00 00 00 00 00 00 00 00 00 00 05 00 00 00 FF FF 00 00 00 00 00 00 11 00 00 00 04 00 00 00 FF FF 00 00 00 00 00 00 00 00 00 00 03 00 00 00 FF FF 00 00 00 00 00 00 00 00 00 00 09 00 00 00 FF FF 00 00 00 00 00 00 00 00 00 00 08 00 00 00 FF FF 00 00 00 00 00 00 00 00 00 00 07 00 00 00 FF FF 00 00 00 00 00 00 00 00 00 00 00 00 00 00 FF FF 00 00 00 00 00 00 00 00 00 00 00 00 00 00 FF FF 00 00 00 00 00 00 00 00 00 00 00 00 00 00 FF FF 00 00 00 00 00 00 00 00 00 00 00 00 00 00 FF FF 00 00 00 00 00 00 00 00 00 00 00 00 00 00 FF FF 00 00 00 00 00 00 00 00 00 00 00 00 00 00 FF FF 00 00 00 00 00 00 00 00 00 00 00 00 00 00 FF FF 00 00 00 00 00 00 00 00 00 00 00 00 00 00 FF FF 00 00 00 00 00 00 00 00 00 00 00 00 00 00 FF FF 00 00 00 00 00 00 00 00 00 00 00 00 00 00 FF FF 00 00 00 00 00 00 00 00 00 00 00 00 00 FF 40 00 80 FF FF FF FF FF 01 00 00 00 15 0B 03 11 26 13 13 1E 00 00 00 00 00 00 00 00 00 00 00 00 00 00 00 00 00 00 00 00 00 00 00 00 00 00 00 00 00 00 00 00 00 00 00 00 00 00 00 00 00 00 00 00 00 00 00 00 00 00 00 00 00 00 00 00 00 00 00 00 00 00 00 00 00 00 00 00 00 00 00 00 FF FF FF FF 9A 00 00 00 06 00 06 00 08 00 00 00
Liza,Arbalist,46 00 00 00 FF FF FF FF 00 00 00 00 00 00 00 00 01 00 00 00 00 00 00 00 02 00 00 00 02 00 00 00 FF 00 00 00 FF FF FF FF 15 05 06 00 00 00 00 00 02 01 FF 3A 6D 00 00 00 CD 28 00 00 0E 00 25 00 00 00 00 00 00 00 00 00 00 00 00 00 00 00 00 00 00 00 00 00 00 00 00 00 00 00 00 00 38 00 00 00 04 00 00 00 FF FF 00 00 00 00 00 00 38 00 00 00 03 00 00 00 FF FF 00 00 00 00 00 00 17 00 00 00 07 00 00 00 FF FF 00 00 00 00 00 00 00 00 00 00 00 00 00 00 FF FF 00 00 02 00 00 00 00 00 00 00 00 00 00 00 FF FF 00 00 00 00 00 00 00 00 00 00 00 00 00 00 FF FF 00 00 00 00 00 00 00 00 00 00 00 00 00 00 FF FF 00 00 02 00 00 00 00 00 00 00 00 00 00 00 FF FF 00 00 02 00 00 00 00 00 00 00 00 00 00 00 FF FF 00 00 00 00 00 00 00 00 00 00 00 00 00 00 FF FF 00 00 00 00 00 00 00 00 00 00 00 00 00 00 FF FF 00 00 00 00 00 00 00 00 00 00 00 00 00 00 FF FF 00 00 00 00 00 00 00 00 00 00 00 00 00 00 FF FF 00 00 00 00 00 00 00 00 00 00 00 00 00 00 FF FF 00 00 00 00 00 00 00 00 00 00 00 00 00 00 FF FF 00 00 00 00 00 00 00 00 00 00 00 00 00 00 FF FF 00 00 00 00 00 00 00 00 00 00 CC 33 00 FF FF FF FF FF FF 41 05 FF 01 00 00 00 21 14 23 1F 1D 2E 2E 1E 00 00 00 00 00 00 00 00 00 00 00 00 00 00 00 00 00 00 00 00 00 00 00 00 00 00 00 00 00 00 00 00 00 00 00 00 00 00 00 00 00 00 00 00 00 00 00 00 00 00 00 00 00 00 00 00 00 00 00 00 00 00 00 00 00 00 00 00 00 00 00 00 FF FF FF FF A3 00 00 00 06 00 05 00 08 00 00 00
Gloucester,Doom Knight,48 00 00 00 FF FF FF FF 00 00 00 00 00 00 00 00 01 00 00 00 00 00 00 00 00 00 00 00 00 00 00 00 FF 00 00 00 FF FF FF FF 1E 09 08 00 02 00 00 00 01 01 FF 24 6C 00 00 00 19 A3 00 00 16 00 44 00 00 00 00 00 00 00 00 00 00 00 00 00 00 00 00 00 00 00 00 00 00 00 00 00 00 00 00 00 00 00 00 00 05 00 00 00 FF FF 00 00 00 00 00 00 00 00 00 00 04 00 00 00 FF FF 00 00 00 00 00 00 00 00 00 00 03 00 00 00 FF FF 00 00 00 00 00 00 70 00 00 00 08 00 00 00 FF FF 00 00 00 00 00 00 00 00 00 00 07 00 00 00 FF FF 00 00 00 00 00 00 00 00 00 00 00 00 00 00 FF FF 00 00 00 00 00 00 00 00 00 00 00 00 00 00 FF FF 00 00 00 00 00 00 00 00 00 00 00 00 00 00 FF FF 00 00 00 00 00 00 00 00 00 00 00 00 00 00 FF FF 00 00 00 00 00 00 00 00 00 00 00 00 00 00 FF FF 00 00 00 00 00 00 00 00 00 00 00 00 00 00 FF FF 00 00 00 00 00 00 00 00 00 00 00 00 00 00 FF FF 00 00 00 00 00 00 00 00 00 00 00 00 00 00 FF FF 00 00 00 00 00 00 00 00 00 00 00 00 00 00 FF FF 00 00 00 00 00 00 00 00 00 00 00 00 00 00 FF FF 00 00 00 00 00 00 00 00 00 00 00 00 00 00 FF FF 00 00 00 00 00 00 00 00 00 00 FF 9F 00 FF CF 30 30 FF FF BA 4B FF 01 00 00 00 03 0A 03 03 03 14 14 16 00 00 00 00 00 00 00 00 00 00 00 00 00 00 00 00 00 00 00 00 00 00 00 00 00 00 00 00 00 00 00 00 00 00 00 00 00 00 00 00 00 00 00 00 00 00 00 00 00 00 00 00 00 00 00 00 00 00 00 00 00 00 00 00 00 00 00 00 00 00 00 00 FF FF FF FF A7 00 00 00 06 00 05 00 08 00 00 00
Tatiana,Cleric,54 00 00 00 FF FF FF FF 00 00 00 00 00 00 00 00 01 00 00 00 00 00 00 00 00 00 00 00 00 00 00 00 FF 00 00 00 FF FF FF FF 1F 02 07 00 0B 00 01 00 02 03 FF 58 48 00 00 00 6C 39 00 00 10 00 25 00 00 00 00 00 00 00 00 00 00 00 00 00 00 00 00 00 00 00 00 00 00 00 00 00 00 00 00 00 17 00 00 00 03 00 00 00 FF FF 00 00 00 00 00 00 6A 00 00 00 09 00 00 00 FF FF 00 00 00 00 00 00 00 00 00 00 08 00 00 00 FF FF 00 00 00 00 00 00 17 00 00 00 07 00 00 00 FF FF 00 00 00 00 00 00 00 00 00 00 00 00 00 00 FF FF 00 00 02 00 00 00 00 00 00 00 00 00 00 00 FF FF 00 00 02 00 00 00 00 00 00 00 00 00 00 00 FF FF 00 00 02 00 00 00 00 00 00 00 00 00 00 00 FF FF 00 00 02 00 00 00 00 00 00 00 00 00 00 00 FF FF 00 00 00 00 00 00 00 00 00 00 00 00 00 00 FF FF 00 00 00 00 00 00 00 00 00 00 00 00 00 00 FF FF 00 00 00 00 00 00 00 00 00 00 00 00 00 00 FF FF 00 00 00 00 00 00 00 00 00 00 00 00 00 00 FF FF 00 00 00 00 00 00 00 00 00 00 00 00 00 00 FF FF 00 00 00 00 00 00 00 00 00 00 00 00 00 00 FF FF 00 00 00 00 00 00 00 00 00 00 00 00 00 00 FF FF 00 00 00 00 00 00 00 00 00 00 99 99 FF FF FF FF FF FF 99 99 FF FF 01 00 00 00 11 11 11 12 11 10 10 11 00 00 00 00 00 00 00 00 00 00 00 00 00 00 00 00 00 00 00 00 00 00 00 00 00 00 00 00 00 00 00 00 00 00 00 00 00 00 00 00 00 00 00 00 00 00 00 00 00 00 00 00 00 00 00 00 00 00 00 00 00 00 00 00 00 00 00 00 00 00 00 00 FF FF FF FF 5E 00 00 00 06 00 05 00 08 00 00 00
Jeremy,Landsknecht,55 00 00 00 FF FF FF FF 00 00 00 00 00 00 00 00 01 00 00 00 00 00 00 00 00 00 00 00 00 00 00 00 FF 00 00 00 FF FF FF FF 0C 02 08 00 08 00 05 05 01 02 FF 31 53 00 00 00 E0 72 1D 00 32 00 6B 00 00 00 00 00 00 00 00 00 00 00 00 00 00 00 00 00 00 00 00 00 00 00 00 00 00 00 00 00 00 00 00 00 05 00 00 00 FF FF 00 00 00 00 00 00 11 00 00 00 04 00 00 00 FF FF 00 00 00 00 00 00 00 00 00 00 03 00 00 00 FF FF 00 00 00 00 00 00 00 00 00 00 09 00 00 00 FF FF 00 00 00 00 00 00 00 00 00 00 08 00 00 00 FF FF 00 00 00 00 00 00 00 00 00 00 07 00 00 00 FF FF 00 00 00 00 00 00 00 00 00 00 00 00 00 00 FF FF 00 00 02 00 00 00 00 00 00 00 00 00 00 00 FF FF 00 00 00 00 00 00 00 00 00 00 00 00 00 00 FF FF 00 00 00 00 00 00 00 00 00 00 00 00 00 00 FF FF 00 00 00 00 00 00 00 00 00 00 00 00 00 00 FF FF 00 00 00 00 00 00 00 00 00 00 00 00 00 00 FF FF 00 00 00 00 00 00 00 00 00 00 00 00 00 00 FF FF 00 00 00 00 00 00 00 00 00 00 00 00 00 00 FF FF 00 00 00 00 00 00 00 00 00 00 00 00 00 00 FF FF 00 00 00 00 00 00 00 00 00 00 00 00 00 00 FF FF 00 00 00 00 00 00 00 00 00 00 DC C6 22 FF FF FF FF FF E0 CC 38 FF 01 00 00 00 15 15 15 1A 19 1C 1C 15 00 00 00 00 00 00 00 00 00 00 00 00 00 00 00 00 00 00 00 00 00 00 00 00 00 00 00 00 00 00 00 00 00 00 00 00 00 00 00 00 00 00 00 00 00 00 00 00 00 00 00 00 00 00 00 00 00 00 00 00 00 00 00 00 00 00 00 00 00 00 00 00 FF FF FF FF 98 00 00 00 06 00 06 00 08 00 00 00
Hilda,Wyvern Master,56 00 00 00 FF FF FF FF 00 00 00 00 00 00 00 00 01 00 00 00 00 00 00 00 00 00 00 00 00 00 00 00 FF 00 00 00 FF FF FF FF 28 03 07 00 02 00 00 01 02 01 FF 2A 54 00 00 00 3E 30 00 00 0F 00 2E 00 00 00 00 00 00 00 00 00 00 00 00 00 00 00 00 00 00 00 00 00 00 00 00 00 00 00 00 00 00 00 00 00 00 00 00 00 FF FF 00 00 00 00 00 00 00 00 00 00 00 00 00 00 FF FF 00 00 00 00 00 00 00 00 00 00 00 00 00 00 FF FF 00 00 00 00 00 00 00 00 00 00 00 00 00 00 FF FF 00 00 00 00 00 00 00 00 00 00 00 00 00 00 FF FF 00 00 00 00 00 00 00 00 00 00 00 00 00 00 FF FF 00 00 00 00 00 00 00 00 00 00 00 00 00 00 FF FF 00 00 00 00 00 00 00 00 00 00 00 00 00 00 FF FF 00 00 00 00 00 00 00 00 00 00 00 00 00 00 FF FF 00 00 00 00 00 00 00 00 00 00 00 00 00 00 FF FF 00 00 00 00 00 00 00 00 00 00 00 00 00 00 FF FF 00 00 00 00 00 00 00 00 00 00 00 00 00 00 FF FF 00 00 00 00 00 00 00 00 00 00 00 00 00 00 FF FF 00 00 00 00 00 00 00 00 00 00 00 00 00 00 FF FF 00 00 00 00 00 00 00 00 00 00 00 00 00 00 FF FF 00 00 00 00 00 00 00 00 00 00 00 00 00 00 FF FF 00 00 00 00 00 00 00 00 00 00 E5 4C 4C FF FF FF FF FF E5 4C 4C FF 01 00 00 00 09 09 09 09 08 09 09 09 00 00 00 00 00 00 00 00 00 00 00 00 00 00 00 00 00 00 00 00 00 00 00 00 00 00 00 00 00 00 00 00 00 00 00 00 00 00 00 00 00 00 00 00 00 00 00 00 00 00 00 00 00 00 00 00 00 00 00 00 00 00 00 00 00 00 00 00 00 00 00 00 FF FF FF FF 00 01 00 00 06 00 04 00 08 00 00 00
Lhinalagos,Elven Archer,58 00 00 00 FF FF FF FF 00 00 00 00 00 00 00 00 01 00 00 00 00 00 00 00 02 00 00 00 02 00 00 00 FF 00 00 00 FF FF FF FF 2C 04 03 00 03 00 00 00 01 01 FF 39 74 00 00 00 41 B4 00 00 17 00 2E 00 00 00 00 00 00 00 00 00 00 00 00 00 00 00 00 00 00 00 00 00 00 00 00 00 00 00 00 00 03 00 99 00 04 00 00 00 FF FF 00 00 00 00 00 00 38 00 00 00 03 00 00 00 FF FF 00 00 00 00 00 00 00 00 00 00 08 00 00 00 FF FF 00 00 00 00 00 00 00 00 00 00 07 00 00 00 FF FF 00 00 00 00 00 00 00 00 00 00 00 00 00 00 FF FF 00 00 00 00 00 00 00 00 00 00 00 00 00 00 FF FF 00 00 00 00 00 00 00 00 00 00 00 00 00 00 FF FF 00 00 00 00 00 00 00 00 00 00 00 00 00 00 FF FF 00 00 00 00 00 00 00 00 00 00 00 00 00 00 FF FF 00 00 00 00 00 00 00 00 00 00 00 00 00 00 FF FF 00 00 00 00 00 00 00 00 00 00 00 00 00 00 FF FF 00 00 00 00 00 00 00 00 00 00 00 00 00 00 FF FF 00 00 00 00 00 00 00 00 00 00 00 00 00 00 FF FF 00 00 00 00 00 00 00 00 00 00 00 00 00 00 FF FF 00 00 00 00 00 00 00 00 00 00 00 00 00 00 FF FF 00 00 00 00 00 00 00 00 00 00 00 00 00 00 FF FF 00 00 00 00 00 00 00 00 00 00 7C D4 5A FF FF FF FF FF 7C D4 5A FF 01 00 00 00 19 19 19 1E 1D 25 25 19 00 00 00 00 00 00 00 00 00 00 00 00 00 00 00 00 00 00 00 00 00 00 00 00 00 00 00 00 00 00 00 00 00 00 00 00 00 00 00 00 00 00 00 00 00 00 00 00 00 00 00 00 00 00 00 00 00 00 00 00 00 00 00 00 00 00 00 00 00 00 00 00 FF FF FF FF F5 00 00 00 06 00 05 00 08 00 00 00
Ithillion,Elven Fencer,5D 00 00 00 FF FF FF FF 00 00 00 00 00 00 00 00 01 00 00 00 00 00 00 00 02 00 00 00 02 00 00 00 FF 00 00 00 FF FF FF FF 2B 01 09 00 08 00 00 01 01 01 FF 30 79 00 00 00 87 E1 13 00 32 00 61 00 05 00 05 05 00 02 01 01 01 05 00 00 00 00 00 00 00 00 00 00 00 00 00 00 00 00 00 00 08 00 00 00 05 00 00 00 FF FF 00 00 00 00 00 00 05 00 00 00 04 00 00 00 FF FF 00 00 00 00 00 00 00 00 00 00 03 00 00 00 FF FF 00 00 00 00 00 00 00 00 00 00 09 00 00 00 FF FF 00 00 00 00 00 00 00 00 00 00 08 00 00 00 FF FF 00 00 00 00 00 00 00 00 00 00 07 00 00 00 FF FF 00 00 00 00 00 00 00 00 00 00 00 00 00 00 FF FF 00 00 00 00 00 00 00 00 00 00 00 00 00 00 FF FF 00 00 00 00 00 00 00 00 00 00 00 00 00 00 FF FF 00 00 00 00 00 00 00 00 00 00 00 00 00 00 FF FF 00 00 00 00 00 00 00 00 00 00 00 00 00 00 FF FF 00 00 00 00 00 00 00 00 00 00 00 00 00 00 FF FF 00 00 00 00 00 00 00 00 00 00 00 00 00 00 FF FF 00 00 00 00 00 00 00 00 00 00 00 00 00 00 FF FF 00 00 00 00 00 00 00 00 00 00 00 00 00 00 FF FF 00 00 00 00 00 00 00 00 00 00 00 00 00 00 FF FF 00 00 00 00 00 00 00 00 00 00 40 00 80 FF FF FF FF FF 40 00 80 FF 01 00 00 00 1A 13 1F 0A 17 19 19 19 00 00 00 00 00 00 00 00 00 00 00 00 00 00 00 00 00 00 00 00 00 00 00 00 00 00 00 00 00 00 00 00 00 00 00 00 00 00 00 00 00 00 00 00 00 00 00 00 00 00 00 00 00 00 00 00 00 00 00 00 00 00 00 00 00 00 00 00 00 00 00 00 FF FF FF FF FC 00 00 00 06 00 05 00 08 00 00 00
Gilbert,Prince,6A 00 00 00 FF FF FF FF 00 00 00 00 00 00 00 00 01 00 00 00 00 00 00 00 00 00 00 00 00 00 00 00 FF 00 00 00 FF FF FF FF 3E 03 02 00 0A 00 00 00 01 00 FF 22 55 00 00 00 DE C5 01 00 1E 00 42 00 00 00 00 00 00 00 00 00 00 00 00 00 00 00 00 00 00 00 00 00 00 00 00 00 00 00 00 00 00 00 00 00 05 00 00 00 FF FF 00 00 00 00 00 00 00 00 00 00 04 00 00 00 FF FF 00 00 00 00 00 00 00 00 00 00 03 00 00 00 FF FF 00 00 00 00 00 00 00 00 00 00 09 00 00 00 FF FF 00 00 00 00 00 00 00 00 00 00 08 00 00 00 FF FF 00 00 00 00 00 00 00 00 00 00 07 00 00 00 FF FF 00 00 00 00 00 00 00 00 00 00 00 00 00 00 FF FF 00 00 00 00 00 00 00 00 00 00 00 00 00 00 FF FF 00 00 00 00 00 00 00 00 00 00 00 00 00 00 FF FF 00 00 00 00 00 00 00 00 00 00 00 00 00 00 FF FF 00 00 00 00 00 00 00 00 00 00 00 00 00 00 FF FF 00 00 00 00 00 00 00 00 00 00 00 00 00 00 FF FF 00 00 00 00 00 00 00 00 00 00 00 00 00 00 FF FF 00 00 00 00 00 00 00 00 00 00 00 00 00 00 FF FF 00 00 00 00 00 00 00 00 00 00 00 00 00 00 FF FF 00 00 00 00 00 00 00 00 00 00 00 00 00 00 FF FF 00 00 00 00 00 00 00 00 00 00 FF 9F 00 FF CF 30 30 FF FF BA 4B FF 01 00 00 00 03 03 03 03 03 03 03 03 00 00 00 00 00 00 00 00 00 00 00 00 00 00 00 00 00 00 00 00 00 00 00 00 00 00 00 00 00 00 00 00 00 00 00 00 00 00 00 00 00 00 00 00 00 00 00 00 00 00 00 00 00 00 00 00 00 00 00 00 00 00 00 00 00 00 00 00 00 00 00 00 FF FF FF FF CE 00 00 00 06 00 06 00 08 00 00 00
Gammel,Rogue,6B 00 00 00 FF FF FF FF 00 00 00 00 00 00 00 00 01 00 00 00 00 00 00 00 02 00 00 00 02 00 00 00 FF 00 00 00 FF FF FF FF 18 08 08 00 08 00 01 04 01 02 FF 25 82 00 00 00 F8 43 00 00 11 00 1D 00 00 00 00 00 00 00 00 00 00 00 00 00 00 00 00 00 00 00 00 00 00 00 00 00 00 00 00 00 00 00 00 00 00 00 00 00 FF FF 00 00 00 00 00 00 00 00 00 00 00 00 00 00 FF FF 00 00 00 00 00 00 00 00 00 00 00 00 00 00 FF FF 00 00 00 00 00 00 00 00 00 00 00 00 00 00 FF FF 00 00 00 00 00 00 00 00 00 00 00 00 00 00 FF FF 00 00 00 00 00 00 00 00 00 00 00 00 00 00 FF FF 00 00 00 00 00 00 00 00 00 00 00 00 00 00 FF FF 00 00 00 00 00 00 00 00 00 00 00 00 00 00 FF FF 00 00 00 00 00 00 00 00 00 00 00 00 00 00 FF FF 00 00 00 00 00 00 00 00 00 00 00 00 00 00 FF FF 00 00 00 00 00 00 00 00 00 00 00 00 00 00 FF FF 00 00 00 00 00 00 00 00 00 00 00 00 00 00 FF FF 00 00 00 00 00 00 00 00 00 00 00 00 00 00 FF FF 00 00 00 00 00 00 00 00 00 00 00 00 00 00 FF FF 00 00 00 00 00 00 00 00 00 00 00 00 00 00 FF FF 00 00 00 00 00 00 00 00 00 00 00 00 00 00 FF FF 00 00 00 00 00 00 00 00 00 00 94 8A 54 FF FF FF FF FF AC A1 6C FF 01 00 00 00 1D 12 25 24 27 2F 2F 14 00 00 00 00 00 00 00 00 00 00 00 00 00 00 00 00 00 00 00 00 00 00 00 00 00 00 00 00 00 00 00 00 00 00 00 00 00 00 00 00 00 00 00 00 00 00 00 00 00 00 00 00 00 00 00 00 00 00 00 00 00 00 00 00 00 00 00 00 00 00 00 00 FF FF FF FF F6 00 00 00 06 00 06 00 08 00 00 00
Mandrin,Sniper,6C 00 00 00 FF FF FF FF 00 00 00 00 00 00 00 00 01 00 00 00 00 00 00 00 02 00 00 00 02 00 00 00 FF 00 00 00 FF FF FF FF 14 03 02 00 08 00 04 01 01 02 FF 3C 83 00 00 00 38 4A 00 00 11 00 2A 00 00 00 00 00 00 00 00 00 00 00 00 00 00 00 00 00 00 00 00 00 00 00 00 00 00 00 00 00 38 00 59 00 04 00 00 00 FF FF 00 00 00 00 00 00 38 00 00 00 03 00 00 00 FF FF 00 00 00 00 00 00 00 00 00 00 08 00 00 00 FF FF 00 00 00 00 00 00 00 00 00 00 07 00 00 00 FF FF 00 00 00 00 00 00 00 00 00 00 00 00 00 00 FF FF 00 00 02 00 00 00 00 00 00 00 00 00 00 00 FF FF 00 00 00 00 00 00 00 00 00 00 00 00 00 00 FF FF 00 00 00 00 00 00 00 00 00 00 00 00 00 00 FF FF 00 00 02 00 00 00 00 00 00 00 00 00 00 00 FF FF 00 00 00 00 00 00 00 00 00 00 00 00 00 00 FF FF 00 00 00 00 00 00 00 00 00 00 00 00 00 00 FF FF 00 00 00 00 00 00 00 00 00 00 00 00 00 00 FF FF 00 00 00 00 00 00 00 00 00 00 00 00 00 00 FF FF 00 00 00 00 00 00 00 00 00 00 00 00 00 00 FF FF 00 00 00 00 00 00 00 00 00 00 00 00 00 00 FF FF 00 00 00 00 00 00 00 00 00 00 00 00 00 00 FF FF 00 00 00 00 00 00 00 00 00 00 94 8A 54 FF FF FF FF FF AC A1 6C FF 01 00 00 00 1D 12 25 24 27 2F 2F 14 00 00 00 00 00 00 00 00 00 00 00 00 00 00 00 00 00 00 00 00 00 00 00 00 00 00 00 00 00 00 00 00 00 00 00 00 00 00 00 00 00 00 00 00 00 00 00 00 00 00 00 00 00 00 00 00 00 00 00 00 00 00 00 00 00 00 00 00 00 00 00 00 FF FF FF FF 6D 01 00 00 06 00 05 00 08 00 00 00
Celeste,Gryphon Master,6D 00 00 00 FF FF FF FF 00 00 00 00 00 00 00 00 01 00 00 00 00 00 00 00 02 00 00 00 02 00 00 00 FF 00 00 00 FF FF FF FF 2A 03 01 00 03 00 06 03 02 02 FF 12 81 00 00 00 38 4A 00 00 11 00 2D 00 00 00 00 00 00 00 00 00 00 00 00 00 00 00 00 00 00 00 00 00 00 00 00 00 00 00 00 00 00 00 00 00 00 00 00 00 FF FF 00 00 00 00 00 00 00 00 00 00 00 00 00 00 FF FF 00 00 00 00 00 00 00 00 00 00 00 00 00 00 FF FF 00 00 00 00 00 00 00 00 00 00 00 00 00 00 FF FF 00 00 00 00 00 00 00 00 00 00 00 00 00 00 FF FF 00 00 00 00 00 00 00 00 00 00 00 00 00 00 FF FF 00 00 00 00 00 00 00 00 00 00 00 00 00 00 FF FF 00 00 00 00 00 00 00 00 00 00 00 00 00 00 FF FF 00 00 00 00 00 00 00 00 00 00 00 00 00 00 FF FF 00 00 00 00 00 00 00 00 00 00 00 00 00 00 FF FF 00 00 00 00 00 00 00 00 00 00 00 00 00 00 FF FF 00 00 00 00 00 00 00 00 00 00 00 00 00 00 FF FF 00 00 00 00 00 00 00 00 00 00 00 00 00 00 FF FF 00 00 00 00 00 00 00 00 00 00 00 00 00 00 FF FF 00 00 00 00 00 00 00 00 00 00 00 00 00 00 FF FF 00 00 00 00 00 00 00 00 00 00 00 00 00 00 FF FF 00 00 00 00 00 00 00 00 00 00 94 8A 54 FF FF FF FF FF AC A1 6C FF 01 00 00 00 1D 12 25 24 27 2F 2F 14 00 00 00 00 00 00 00 00 00 00 00 00 00 00 00 00 00 00 00 00 00 00 00 00 00 00 00 00 00 00 00 00 00 00 00 00 00 00 00 00 00 00 00 00 00 00 00 00 00 00 00 00 00 00 00 00 00 00 00 00 00 00 00 00 00 00 00 00 00 00 00 00 FF FF FF FF F8 00 00 00 06 00 04 00 08 00 00 00
Ridiel,Elven Archer,6E 00 00 00 FF FF FF FF 00 00 00 00 00 00 00 00 01 00 00 00 00 00 00 00 02 00 00 00 02 00 00 00 FF 00 00 00 FF FF FF FF 2C 08 03 00 0B 00 05 00 02 02 FF 36 90 00 00 00 6C 39 00 00 10 00 27 00 00 00 00 00 00 00 00 00 00 00 00 00 00 00 00 00 00 00 00 00 00 00 00 00 00 00 00 00 00 00 00 00 00 00 00 00 FF FF 00 00 00 00 00 00 00 00 00 00 00 00 00 00 FF FF 00 00 00 00 00 00 00 00 00 00 00 00 00 00 FF FF 00 00 00 00 00 00 00 00 00 00 00 00 00 00 FF FF 00 00 00 00 00 00 00 00 00 00 00 00 00 00 FF FF 00 00 00 00 00 00 00 00 00 00 00 00 00 00 FF FF 00 00 00 00 00 00 00 00 00 00 00 00 00 00 FF FF 00 00 00 00 00 00 00 00 00 00 00 00 00 00 FF FF 00 00 00 00 00 00 00 00 00 00 00 00 00 00 FF FF 00 00 00 00 00 00 00 00 00 00 00 00 00 00 FF FF 00 00 00 00 00 00 00 00 00 00 00 00 00 00 FF FF 00 00 00 00 00 00 00 00 00 00 00 00 00 00 FF FF 00 00 00 00 00 00 00 00 00 00 00 00 00 00 FF FF 00 00 00 00 00 00 00 00 00 00 00 00 00 00 FF FF 00 00 00 00 00 00 00 00 00 00 00 00 00 00 FF FF 00 00 00 00 00 00 00 00 00 00 00 00 00 00 FF FF 00 00 00 00 00 00 00 00 00 00 18 80 58 FF FF FF FF FF 26 C8 8A FF 01 00 00 00 04 04 04 04 04 04 04 04 00 00 00 00 00 00 00 00 00 00 00 00 00 00 00 00 00 00 00 00 00 00 00 00 00 00 00 00 00 00 00 00 00 00 00 00 00 00 00 00 00 00 00 00 00 00 00 00 00 00 00 00 00 00 00 00 00 00 00 00 00 00 00 00 00 00 00 00 00 00 00 00 FF FF FF FF EA 00 00 00 06 00 05 00 08 00 00 00
Eltolinde,Elven Sibyl,6F 00 00 00 FF FF FF FF 00 00 00 00 00 00 00 00 01 00 00 00 00 00 00 00 00 00 00 00 00 00 00 00 FF 00 00 00 FF FF FF FF 39 03 04 00 09 0A 07 00 02 00 FF 1A 85 00 00 00 47 D4 1C 00 32 00 3D 00 00 00 00 00 00 00 00 00 00 00 00 00 00 00 00 00 00 00 00 00 00 00 00 00 00 00 00 00 00 00 00 00 05 00 00 00 FF FF 00 00 00 00 00 00 00 00 00 00 04 00 00 00 FF FF 00 00 00 00 00 00 00 00 00 00 03 00 00 00 FF FF 00 00 00 00 00 00 00 00 00 00 09 00 00 00 FF FF 00 00 00 00 00 00 00 00 00 00 08 00 00 00 FF FF 00 00 00 00 00 00 17 00 00 00 07 00 00 00 FF FF 00 00 00 00 00 00 00 00 00 00 00 00 00 00 FF FF 00 00 00 00 00 00 00 00 00 00 00 00 00 00 FF FF 00 00 00 00 00 00 00 00 00 00 00 00 00 00 FF FF 00 00 00 00 00 00 00 00 00 00 00 00 00 00 FF FF 00 00 00 00 00 00 00 00 00 00 00 00 00 00 FF FF 00 00 00 00 00 00 00 00 00 00 00 00 00 00 FF FF 00 00 00 00 00 00 00 00 00 00 00 00 00 00 FF FF 00 00 00 00 00 00 00 00 00 00 00 00 00 00 FF FF 00 00 00 00 00 00 00 00 00 00 00 00 00 00 FF FF 00 00 00 00 00 00 00 00 00 00 00 00 00 00 FF FF 00 00 00 00 00 00 00 00 00 00 18 80 58 FF FF FF FF FF 26 C8 8A FF 01 00 00 00 04 04 04 04 04 04 04 04 00 00 00 00 00 00 00 00 00 00 00 00 00 00 00 00 00 00 00 00 00 00 00 00 00 00 00 00 00 00 00 00 00 00 00 00 00 00 00 00 00 00 00 00 00 00 00 00 00 00 00 00 00 00 00 00 00 00 00 00 00 00 00 00 00 00 00 00 00 00 00 00 FF FF FF FF 0B 01 00 00 06 00 05 00 08 00 00 00
Railanor,Elven Fencer,70 00 00 00 FF FF FF FF 00 00 00 00 00 00 00 00 01 00 00 00 00 00 00 00 00 00 00 00 00 00 00 00 FF 00 00 00 FF FF FF FF 2B 03 04 00 05 00 00 00 02 01 FF 37 8F 00 00 00 60 6D 00 00 14 00 2F 00 00 00 00 00 00 00 00 00 00 00 00 00 00 00 00 00 00 00 00 00 00 00 00 00 00 00 00 00 00 00 00 00 00 00 00 00 FF FF 00 00 00 00 00 00 00 00 00 00 00 00 00 00 FF FF 00 00 00 00 00 00 00 00 00 00 00 00 00 00 FF FF 00 00 00 00 00 00 00 00 00 00 00 00 00 00 FF FF 00 00 00 00 00 00 00 00 00 00 00 00 00 00 FF FF 00 00 00 00 00 00 00 00 00 00 00 00 00 00 FF FF 00 00 00 00 00 00 00 00 00 00 00 00 00 00 FF FF 00 00 00 00 00 00 00 00 00 00 00 00 00 00 FF FF 00 00 00 00 00 00 00 00 00 00 00 00 00 00 FF FF 00 00 00 00 00 00 00 00 00 00 00 00 00 00 FF FF 00 00 00 00 00 00 00 00 00 00 00 00 00 00 FF FF 00 00 00 00 00 00 00 00 00 00 00 00 00 00 FF FF 00 00 00 00 00 00 00 00 00 00 00 00 00 00 FF FF 00 00 00 00 00 00 00 00 00 00 00 00 00 00 FF FF 00 00 00 00 00 00 00 00 00 00 00 00 00 00 FF FF 00 00 00 00 00 00 00 00 00 00 00 00 00 00 FF FF 00 00 00 00 00 00 00 00 00 00 36 60 92 FF FF FF FF FF 46 7A BA FF 01 00 00 00 05 05 05 11 10 11 11 05 00 00 00 00 00 00 00 00 00 00 00 00 00 00 00 00 00 00 00 00 00 00 00 00 00 00 00 00 00 00 00 00 00 00 00 00 00 00 00 00 00 00 00 00 00 00 00 00 00 00 00 00 00 00 00 00 00 00 00 00 00 00 00 00 00 00 00 00 00 00 00 00 FF FF FF FF 14 01 00 00 06 00 05 00 08 00 00 00
Galadmir,Elven Archer,71 00 00 00 FF FF FF FF 00 00 00 00 00 00 00 00 01 00 00 00 00 00 00 00 00 00 00 00 00 00 00 00 FF 00 00 00 FF FF FF FF 2C 02 03 00 03 00 00 00 02 01 FF 23 8E 00 00 00 F4 7E 00 00 15 00 30 00 00 00 00 00 00 00 00 00 00 00 00 00 00 00 00 00 00 00 00 00 00 00 00 00 00 00 00 00 00 00 00 00 00 00 00 00 FF FF 00 00 00 00 00 00 00 00 00 00 00 00 00 00 FF FF 00 00 00 00 00 00 00 00 00 00 00 00 00 00 FF FF 00 00 00 00 00 00 00 00 00 00 00 00 00 00 FF FF 00 00 00 00 00 00 00 00 00 00 00 00 00 00 FF FF 00 00 00 00 00 00 00 00 00 00 00 00 00 00 FF FF 00 00 00 00 00 00 00 00 00 00 00 00 00 00 FF FF 00 00 00 00 00 00 00 00 00 00 00 00 00 00 FF FF 00 00 00 00 00 00 00 00 00 00 00 00 00 00 FF FF 00 00 00 00 00 00 00 00 00 00 00 00 00 00 FF FF 00 00 00 00 00 00 00 00 00 00 00 00 00 00 FF FF 00 00 00 00 00 00 00 00 00 00 00 00 00 00 FF FF 00 00 00 00 00 00 00 00 00 00 00 00 00 00 FF FF 00 00 00 00 00 00 00 00 00 00 00 00 00 00 FF FF 00 00 00 00 00 00 00 00 00 00 00 00 00 00 FF FF 00 00 00 00 00 00 00 00 00 00 00 00 00 00 FF FF 00 00 00 00 00 00 00 00 00 00 36 60 92 FF FF FF FF FF 46 7A BA FF 01 00 00 00 04 04 21 04 04 20 20 04 00 00 00 00 00 00 00 00 00 00 00 00 00 00 00 00 00 00 00 00 00 00 00 00 00 00 00 00 00 00 00 00 00 00 00 00 00 00 00 00 00 00 00 00 00 00 00 00 00 00 00 00 00 00 00 00 00 00 00 00 00 00 00 00 00 00 00 00 00 00 00 00 FF FF FF FF F2 00 00 00 06 00 05 00 08 00 00 00
Fodoquia,Featheshield,72 00 00 00 FF FF FF FF 00 00 00 00 00 00 00 00 01 00 00 00 00 00 00 00 00 00 00 00 00 00 00 00 FF 00 00 00 FF FF FF FF 34 01 09 00 08 02 00 07 01 01 FF 1C AB 00 00 00 67 28 08 00 2C 00 65 00 05 00 05 00 05 00 05 02 05 05 00 00 00 00 00 00 00 00 00 00 00 00 00 00 00 00 00 00 7F 00 00 00 05 00 00 00 FF FF 00 00 00 00 00 00 A4 00 00 00 04 00 00 00 FF FF 00 00 00 00 00 00 3C 00 00 00 03 00 00 00 FF FF 00 00 00 00 00 00 00 00 00 00 07 00 00 00 FF FF 00 00 00 00 00 00 98 00 00 00 09 00 00 00 FF FF 00 00 00 00 00 00 7F 00 00 00 08 00 00 00 FF FF 00 00 00 00 00 00 00 00 00 00 00 00 00 00 FF FF 00 00 00 00 00 00 00 00 00 00 00 00 00 00 FF FF 00 00 00 00 00 00 00 00 00 00 00 00 00 00 FF FF 00 00 00 00 00 00 00 00 00 00 00 00 00 00 FF FF 00 00 00 00 00 00 00 00 00 00 00 00 00 00 FF FF 00 00 00 00 00 00 00 00 00 00 00 00 00 00 FF FF 00 00 00 00 00 00 00 00 00 00 00 00 00 00 FF FF 00 00 00 00 00 00 00 00 00 00 00 00 00 00 FF FF 00 00 00 00 00 00 00 00 00 00 00 00 00 00 FF FF 00 00 00 00 00 00 00 00 00 00 00 00 00 00 FF FF 00 00 00 00 00 00 00 00 00 00 FF FF FF FF 00 00 00 FF FF FF FF FF 01 00 00 00 04 17 22 1E 17 19 19 1D 00 00 00 00 00 00 00 00 00 00 00 00 00 00 00 00 00 00 00 00 00 00 00 00 00 00 00 00 00 00 00 00 00 00 00 00 00 00 00 00 00 00 00 00 00 00 00 00 00 00 00 00 00 00 00 00 00 00 00 00 00 00 00 00 00 00 00 00 00 00 00 00 FF FF FF FF FF FF FF FF 06 00 04 00 08 00 00 00
Morad,Werelion,73 00 00 00 FF FF FF FF 00 00 00 00 00 00 00 00 01 00 00 00 00 00 00 00 02 00 00 00 02 00 00 00 FF 00 00 00 FF FF FF FF 3C 06 06 00 05 00 04 07 01 00 FF 42 92 00 00 00 50 DC 00 00 19 00 69 00 00 00 00 00 00 00 00 00 00 00 00 00 00 00 00 00 00 00 00 00 00 00 00 00 00 00 00 00 00 00 00 00 00 00 00 00 FF FF 00 00 00 00 00 00 00 00 00 00 00 00 00 00 FF FF 00 00 00 00 00 00 00 00 00 00 00 00 00 00 FF FF 00 00 00 00 00 00 00 00 00 00 00 00 00 00 FF FF 00 00 00 00 00 00 00 00 00 00 00 00 00 00 FF FF 00 00 00 00 00 00 00 00 00 00 00 00 00 00 FF FF 00 00 00 00 00 00 00 00 00 00 00 00 00 00 FF FF 00 00 00 00 00 00 00 00 00 00 00 00 00 00 FF FF 00 00 00 00 00 00 00 00 00 00 00 00 00 00 FF FF 00 00 00 00 00 00 00 00 00 00 00 00 00 00 FF FF 00 00 00 00 00 00 00 00 00 00 00 00 00 00 FF FF 00 00 00 00 00 00 00 00 00 00 00 00 00 00 FF FF 00 00 00 00 00 00 00 00 00 00 00 00 00 00 FF FF 00 00 00 00 00 00 00 00 00 00 00 00 00 00 FF FF 00 00 00 00 00 00 00 00 00 00 00 00 00 00 FF FF 00 00 00 00 00 00 00 00 00 00 00 00 00 00 FF FF 00 00 00 00 00 00 00 00 00 00 7B 5A 8B FF FF FF FF FF 96 76 A6 FF 01 00 00 00 01 01 01 01 01 01 01 01 00 00 00 00 00 00 00 00 00 00 00 00 00 00 00 00 00 00 00 00 00 00 00 00 00 00 00 00 00 00 00 00 00 00 00 00 00 00 00 00 00 00 00 00 00 00 00 00 00 00 00 00 00 00 00 00 00 00 00 00 00 00 00 00 00 00 00 00 00 00 00 00 FF FF FF FF 6E 01 00 00 06 00 06 00 08 00 00 00
Yunifi,Ranger,76 00 00 00 FF FF FF FF 00 00 00 00 00 00 00 00 01 00 00 00 00 00 00 00 02 00 00 00 02 00 00 00 FF 00 00 00 FF FF FF FF 3B 08 06 00 05 00 00 00 02 00 FF 5A 91 00 00 00 50 DC 00 00 19 00 33 00 00 00 00 00 00 00 00 00 00 00 00 00 00 00 00 00 00 00 00 00 00 00 00 00 00 00 00 00 00 00 00 00 00 00 00 00 FF FF 00 00 00 00 00 00 00 00 00 00 00 00 00 00 FF FF 00 00 00 00 00 00 00 00 00 00 00 00 00 00 FF FF 00 00 00 00 00 00 00 00 00 00 00 00 00 00 FF FF 00 00 00 00 00 00 00 00 00 00 00 00 00 00 FF FF 00 00 00 00 00 00 00 00 00 00 00 00 00 00 FF FF 00 00 00 00 00 00 00 00 00 00 00 00 00 00 FF FF 00 00 00 00 00 00 00 00 00 00 00 00 00 00 FF FF 00 00 00 00 00 00 00 00 00 00 00 00 00 00 FF FF 00 00 00 00 00 00 00 00 00 00 00 00 00 00 FF FF 00 00 00 00 00 00 00 00 00 00 00 00 00 00 FF FF 00 00 00 00 00 00 00 00 00 00 00 00 00 00 FF FF 00 00 00 00 00 00 00 00 00 00 00 00 00 00 FF FF 00 00 00 00 00 00 00 00 00 00 00 00 00 00 FF FF 00 00 00 00 00 00 00 00 00 00 00 00 00 00 FF FF 00 00 00 00 00 00 00 00 00 00 00 00 00 00 FF FF 00 00 00 00 00 00 00 00 00 00 7B 5A 8B FF FF FF FF FF 96 76 A6 FF 01 00 00 00 01 01 01 01 01 01 01 01 00 00 00 00 00 00 00 00 00 00 00 00 00 00 00 00 00 00 00 00 00 00 00 00 00 00 00 00 00 00 00 00 00 00 00 00 00 00 00 00 00 00 00 00 00 00 00 00 00 00 00 00 00 00 00 00 00 00 00 00 00 00 00 00 00 00 00 00 00 00 00 00 FF FF FF FF 44 01 00 00 06 00 05 00 08 00 00 00
Ramona,Wereowl,77 00 00 00 FF FF FF FF 00 00 00 00 00 00 00 00 01 00 00 00 00 00 00 00 00 00 00 00 00 00 00 00 FF 00 00 00 FF FF FF FF 30 05 07 00 06 00 00 00 02 01 FF 4E 99 00 00 00 50 DC 00 00 19 00 2D 00 00 00 00 00 00 00 00 00 00 01 00 00 00 00 00 00 00 00 00 00 00 00 00 00 00 00 00 00 00 00 00 00 00 00 00 00 FF FF 00 00 00 00 00 00 00 00 00 00 00 00 00 00 FF FF 00 00 00 00 00 00 00 00 00 00 00 00 00 00 FF FF 00 00 00 00 00 00 00 00 00 00 00 00 00 00 FF FF 00 00 00 00 00 00 00 00 00 00 00 00 00 00 FF FF 00 00 00 00 00 00 00 00 00 00 00 00 00 00 FF FF 00 00 00 00 00 00 00 00 00 00 00 00 00 00 FF FF 00 00 00 00 00 00 00 00 00 00 00 00 00 00 FF FF 00 00 00 00 00 00 00 00 00 00 00 00 00 00 FF FF 00 00 00 00 00 00 00 00 00 00 00 00 00 00 FF FF 00 00 00 00 00 00 00 00 00 00 00 00 00 00 FF FF 00 00 00 00 00 00 00 00 00 00 00 00 00 00 FF FF 00 00 00 00 00 00 00 00 00 00 00 00 00 00 FF FF 00 00 00 00 00 00 00 00 00 00 00 00 00 00 FF FF 00 00 00 00 00 00 00 00 00 00 00 00 00 00 FF FF 00 00 00 00 00 00 00 00 00 00 00 00 00 00 FF FF 00 00 00 00 00 00 00 00 00 00 8F 57 B9 FF FF FF FF FF 8F 57 B9 FF 01 00 00 00 20 18 23 18 0F 2A 2A 1F 00 00 00 00 00 00 00 00 00 00 00 00 00 00 00 00 00 00 00 00 00 00 00 00 00 00 00 00 00 00 00 00 00 00 00 00 00 00 00 00 00 00 00 00 00 00 00 00 00 00 00 00 00 00 00 00 00 00 00 00 00 00 00 00 00 00 00 00 00 00 00 00 FF FF FF FF 45 01 00 00 06 00 04 00 08 00 00 00
Amelia,Dreadnought,78 00 00 00 FF FF FF FF 00 00 00 00 00 00 00 00 01 00 00 00 00 00 00 00 00 00 00 00 00 00 00 00 FF 00 00 00 FF FF FF FF 3F 02 01 00 0A 00 00 00 02 00 FF 06 57 00 00 00 31 1B 05 00 28 00 61 00 00 00 00 00 00 00 00 00 00 00 00 00 00 00 00 00 00 00 00 00 00 00 00 00 00 00 00 00 00 00 00 00 05 00 00 00 FF FF 00 00 00 00 00 00 00 00 00 00 04 00 00 00 FF FF 00 00 00 00 00 00 00 00 00 00 03 00 00 00 FF FF 00 00 00 00 00 00 00 00 00 00 09 00 00 00 FF FF 00 00 00 00 00 00 00 00 00 00 08 00 00 00 FF FF 00 00 00 00 00 00 00 00 00 00 07 00 00 00 FF FF 00 00 00 00 00 00 00 00 00 00 00 00 00 00 FF FF 00 00 02 00 00 00 00 00 00 00 00 00 00 00 FF FF 00 00 02 00 00 00 00 00 00 00 00 00 00 00 FF FF 00 00 00 00 00 00 00 00 00 00 00 00 00 00 FF FF 00 00 00 00 00 00 00 00 00 00 00 00 00 00 FF FF 00 00 00 00 00 00 00 00 00 00 00 00 00 00 FF FF 00 00 00 00 00 00 00 00 00 00 00 00 00 00 FF FF 00 00 00 00 00 00 00 00 00 00 00 00 00 00 FF FF 00 00 00 00 00 00 00 00 00 00 00 00 00 00 FF FF 00 00 00 00 00 00 00 00 00 00 00 00 00 00 FF FF 00 00 00 00 00 00 00 00 00 00 E5 4C 4C FF FF FF FF FF E5 4C 4C FF 01 00 00 00 14 14 14 22 18 1A 1A 14 00 00 00 00 00 00 00 00 00 00 00 00 00 00 00 00 00 00 00 00 00 00 00 00 00 00 00 00 00 00 00 00 00 00 00 00 00 00 00 00 00 00 00 00 00 00 00 00 00 00 00 00 00 00 00 00 00 00 00 00 00 00 00 00 00 00 00 00 00 00 00 00 FF FF FF FF BE 01 00 00 06 00 06 00 08 00 00 00
Santio,Featherstaff,7E 00 00 00 FF FF FF FF 00 00 00 00 00 00 00 00 01 00 00 00 00 00 00 00 00 00 00 00 00 00 00 00 FF 00 00 00 FF FF FF FF 33 08 08 00 02 00 00 00 01 01 FF 55 A8 00 00 00 24 14 04 00 26 00 36 00 00 00 00 00 00 00 00 00 00 00 00 00 00 00 00 00 00 00 00 00 00 00 00 00 00 00 00 00 00 00 00 00 00 00 00 00 FF FF 00 00 00 00 00 00 00 00 00 00 00 00 00 00 FF FF 00 00 00 00 00 00 00 00 00 00 00 00 00 00 FF FF 00 00 00 00 00 00 00 00 00 00 00 00 00 00 FF FF 00 00 00 00 00 00 00 00 00 00 00 00 00 00 FF FF 00 00 00 00 00 00 00 00 00 00 00 00 00 00 FF FF 00 00 00 00 00 00 00 00 00 00 00 00 00 00 FF FF 00 00 00 00 00 00 00 00 00 00 00 00 00 00 FF FF 00 00 00 00 00 00 00 00 00 00 00 00 00 00 FF FF 00 00 00 00 00 00 00 00 00 00 00 00 00 00 FF FF 00 00 00 00 00 00 00 00 00 00 00 00 00 00 FF FF 00 00 00 00 00 00 00 00 00 00 00 00 00 00 FF FF 00 00 00 00 00 00 00 00 00 00 00 00 00 00 FF FF 00 00 00 00 00 00 00 00 00 00 00 00 00 00 FF FF 00 00 00 00 00 00 00 00 00 00 00 00 00 00 FF FF 00 00 00 00 00 00 00 00 00 00 00 00 00 00 FF FF 00 00 00 00 00 00 00 00 00 00 FF FF FF FF CC 33 00 FF FF 44 09 FF 01 00 00 00 19 04 24 27 26 2C 2C 21 00 00 00 00 00 00 00 00 00 00 00 00 00 00 00 00 00 00 00 00 00 00 00 00 00 00 00 00 00 00 00 00 00 00 00 00 00 00 00 00 00 00 00 00 00 00 00 00 00 00 00 00 00 00 00 00 00 00 00 00 00 00 00 00 00 00 00 00 00 00 00 00 FF FF FF FF CD 01 00 00 06 00 04 00 08 00 00 00
Umerus,Feathersword,7F 00 00 00 FF FF FF FF 00 00 00 00 00 00 00 00 01 00 00 00 00 00 00 00 00 00 00 00 00 00 00 00 FF 00 00 00 FF FF FF FF 31 06 02 00 02 00 00 00 02 02 FF 59 A4 00 00 00 54 95 02 00 22 00 40 00 00 00 00 00 00 00 00 00 00 00 00 00 00 00 00 00 00 00 00 00 00 00 00 00 00 00 00 00 00 00 00 00 00 00 00 00 FF FF 00 00 00 00 00 00 00 00 00 00 00 00 00 00 FF FF 00 00 00 00 00 00 00 00 00 00 00 00 00 00 FF FF 00 00 00 00 00 00 00 00 00 00 00 00 00 00 FF FF 00 00 00 00 00 00 00 00 00 00 00 00 00 00 FF FF 00 00 00 00 00 00 00 00 00 00 00 00 00 00 FF FF 00 00 00 00 00 00 00 00 00 00 00 00 00 00 FF FF 00 00 00 00 00 00 00 00 00 00 00 00 00 00 FF FF 00 00 00 00 00 00 00 00 00 00 00 00 00 00 FF FF 00 00 00 00 00 00 00 00 00 00 00 00 00 00 FF FF 00 00 00 00 00 00 00 00 00 00 00 00 00 00 FF FF 00 00 00 00 00 00 00 00 00 00 00 00 00 00 FF FF 00 00 00 00 00 00 00 00 00 00 00 00 00 00 FF FF 00 00 00 00 00 00 00 00 00 00 00 00 00 00 FF FF 00 00 00 00 00 00 00 00 00 00 00 00 00 00 FF FF 00 00 00 00 00 00 00 00 00 00 00 00 00 00 FF FF 00 00 00 00 00 00 00 00 00 00 FF FF FF FF 96 00 1E FF DE 00 2A FF 01 00 00 00 1F 07 22 26 25 28 28 1D 00 00 00 00 00 00 00 00 00 00 00 00 00 00 00 00 00 00 00 00 00 00 00 00 00 00 00 00 00 00 00 00 00 00 00 00 00 00 00 00 00 00 00 00 00 00 00 00 00 00 00 00 00 00 00 00 00 00 00 00 00 00 00 00 00 00 00 00 00 00 00 00 FF FF FF FF AD 01 00 00 06 00 04 00 08 00 00 00
Hermann,Legionnaire,81 00 00 00 FF FF FF FF 00 00 00 00 00 00 00 00 01 00 00 00 00 00 00 00 02 00 00 00 02 00 00 00 FF 00 00 00 FF FF FF FF 0E 09 09 00 0A 00 03 03 01 01 FF 2B 5A 00 00 00 60 B3 05 00 29 00 5E 00 00 00 00 00 00 00 00 00 00 00 00 00 00 00 00 00 00 00 00 00 00 00 00 00 00 00 00 00 00 00 00 00 00 00 00 00 FF FF 00 00 00 00 00 00 00 00 00 00 00 00 00 00 FF FF 00 00 00 00 00 00 00 00 00 00 00 00 00 00 FF FF 00 00 00 00 00 00 00 00 00 00 00 00 00 00 FF FF 00 00 00 00 00 00 00 00 00 00 00 00 00 00 FF FF 00 00 00 00 00 00 00 00 00 00 00 00 00 00 FF FF 00 00 00 00 00 00 00 00 00 00 00 00 00 00 FF FF 00 00 00 00 00 00 00 00 00 00 00 00 00 00 FF FF 00 00 00 00 00 00 00 00 00 00 00 00 00 00 FF FF 00 00 00 00 00 00 00 00 00 00 00 00 00 00 FF FF 00 00 00 00 00 00 00 00 00 00 00 00 00 00 FF FF 00 00 00 00 00 00 00 00 00 00 00 00 00 00 FF FF 00 00 00 00 00 00 00 00 00 00 00 00 00 00 FF FF 00 00 00 00 00 00 00 00 00 00 00 00 00 00 FF FF 00 00 00 00 00 00 00 00 00 00 00 00 00 00 FF FF 00 00 00 00 00 00 00 00 00 00 00 00 00 00 FF FF 00 00 00 00 00 00 00 00 00 00 FF 9F 00 FF CF 30 30 FF FF BA 4B FF 01 00 00 00 03 03 03 03 03 03 03 03 00 00 00 00 00 00 00 00 00 00 00 00 00 00 00 00 00 00 00 00 00 00 00 00 00 00 00 00 00 00 00 00 00 00 00 00 00 00 00 00 00 00 00 00 00 00 00 00 00 00 00 00 00 00 00 00 00 00 00 00 00 00 00 00 00 00 00 00 00 00 00 00 FF FF FF FF B9 01 00 00 06 00 06 00 08 00 00 00
Nigel,Dark Marquess,88 00 00 00 FF FF FF FF 00 00 00 00 00 00 00 00 01 00 00 00 00 00 00 00 02 00 00 00 02 00 00 00 FF 00 00 00 FF FF FF FF 45 01 02 00 08 02 07 00 01 01 FF 44 A7 00 00 00 D0 D4 13 00 32 00 76 00 05 05 05 05 05 05 05 05 05 05 05 00 00 00 00 00 00 00 00 00 00 00 00 00 00 00 00 00 26 00 00 00 03 00 00 00 FF FF 00 00 00 00 00 00 08 00 00 00 05 00 00 00 FF FF 00 00 00 00 00 00 24 00 00 00 04 00 00 00 FF FF 00 00 00 00 00 00 00 00 00 00 03 00 00 00 FF FF 00 00 00 00 00 00 00 00 00 00 09 00 00 00 FF FF 00 00 00 00 00 00 00 00 00 00 08 00 00 00 FF FF 00 00 00 00 00 00 93 00 00 00 07 00 00 00 FF FF 00 00 00 00 00 00 00 00 00 00 00 00 00 00 FF FF 00 00 00 00 00 00 00 00 00 00 00 00 00 00 FF FF 00 00 00 00 00 00 00 00 00 00 00 00 00 00 FF FF 00 00 00 00 00 00 00 00 00 00 00 00 00 00 FF FF 00 00 00 00 00 00 00 00 00 00 00 00 00 00 FF FF 00 00 00 00 00 00 00 00 00 00 00 00 00 00 FF FF 00 00 00 00 00 00 00 00 00 00 00 00 00 00 FF FF 00 00 00 00 00 00 00 00 00 00 00 00 00 00 FF FF 00 00 00 00 00 00 00 00 00 00 00 00 00 00 FF FF 00 00 00 00 00 00 00 00 00 00 19 19 19 FF 80 00 00 FF 40 00 00 FF 01 00 00 00 0E 1F 22 29 13 03 03 1D 00 00 00 00 00 00 00 00 00 00 00 00 00 00 00 00 00 00 00 00 00 00 00 00 00 00 00 00 00 00 00 00 00 00 00 00 00 00 00 00 00 00 00 00 00 00 00 00 00 00 00 00 00 00 00 00 00 00 00 00 00 00 00 00 00 00 00 00 00 00 00 00 FF FF FF FF D5 01 00 00 06 00 06 00 08 00 00 00
Bryce,Legionnaire,8A 00 00 00 FF FF FF FF 00 00 00 00 00 00 00 00 01 00 00 00 00 00 00 00 00 00 00 00 00 00 00 00 FF 00 00 00 FF FF FF FF 0E 03 01 00 0A 00 04 00 01 03 FF 0B 2E 00 00 00 54 9B 01 00 1E 00 56 00 00 00 00 00 00 00 00 00 00 00 00 00 00 00 00 00 00 00 00 00 00 00 00 00 00 00 00 00 00 00 00 00 00 00 00 00 FF FF 00 00 00 00 00 00 00 00 00 00 00 00 00 00 FF FF 00 00 00 00 00 00 00 00 00 00 00 00 00 00 FF FF 00 00 00 00 00 00 00 00 00 00 00 00 00 00 FF FF 00 00 00 00 00 00 00 00 00 00 00 00 00 00 FF FF 00 00 00 00 00 00 00 00 00 00 00 00 00 00 FF FF 00 00 00 00 00 00 00 00 00 00 00 00 00 00 FF FF 00 00 00 00 00 00 00 00 00 00 00 00 00 00 FF FF 00 00 00 00 00 00 00 00 00 00 00 00 00 00 FF FF 00 00 00 00 00 00 00 00 00 00 00 00 00 00 FF FF 00 00 00 00 00 00 00 00 00 00 00 00 00 00 FF FF 00 00 00 00 00 00 00 00 00 00 00 00 00 00 FF FF 00 00 00 00 00 00 00 00 00 00 00 00 00 00 FF FF 00 00 00 00 00 00 00 00 00 00 00 00 00 00 FF FF 00 00 00 00 00 00 00 00 00 00 00 00 00 00 FF FF 00 00 00 00 00 00 00 00 00 00 00 00 00 00 FF FF 00 00 00 00 00 00 00 00 00 00 E2 6B 0A FF FF FF FF FF F6 8B 32 FF 01 00 00 00 07 0D 1D 28 26 15 15 10 00 00 00 00 00 00 00 00 00 00 00 00 00 00 00 00 00 00 00 00 00 00 00 00 00 00 00 00 00 00 00 00 00 00 00 00 00 00 00 00 00 00 00 00 00 00 00 00 00 00 00 00 00 00 00 00 00 00 00 00 00 00 00 00 00 00 00 00 00 00 00 00 FF FF FF FF 4F 01 00 00 06 00 06 00 08 00 00 00
Jerome,Great Knight,8B 00 00 00 FF FF FF FF 00 00 00 00 00 00 00 00 01 00 00 00 00 00 00 00 00 00 00 00 00 00 00 00 FF 00 00 00 FF FF FF FF 1A 02 02 00 02 00 00 00 01 05 FF 32 A9 00 00 00 10 D0 01 00 1F 00 55 00 00 00 00 00 00 00 00 00 00 00 00 00 00 00 00 00 00 00 00 00 00 00 00 00 00 00 00 00 00 00 00 00 00 00 00 00 FF FF 00 00 00 00 00 00 00 00 00 00 00 00 00 00 FF FF 00 00 00 00 00 00 00 00 00 00 00 00 00 00 FF FF 00 00 00 00 00 00 00 00 00 00 00 00 00 00 FF FF 00 00 00 00 00 00 00 00 00 00 00 00 00 00 FF FF 00 00 00 00 00 00 00 00 00 00 00 00 00 00 FF FF 00 00 00 00 00 00 00 00 00 00 00 00 00 00 FF FF 00 00 00 00 00 00 00 00 00 00 00 00 00 00 FF FF 00 00 00 00 00 00 00 00 00 00 00 00 00 00 FF FF 00 00 00 00 00 00 00 00 00 00 00 00 00 00 FF FF 00 00 00 00 00 00 00 00 00 00 00 00 00 00 FF FF 00 00 00 00 00 00 00 00 00 00 00 00 00 00 FF FF 00 00 00 00 00 00 00 00 00 00 00 00 00 00 FF FF 00 00 00 00 00 00 00 00 00 00 00 00 00 00 FF FF 00 00 00 00 00 00 00 00 00 00 00 00 00 00 FF FF 00 00 00 00 00 00 00 00 00 00 00 00 00 00 FF FF 00 00 00 00 00 00 00 00 00 00 FF FF FF FF 96 00 1E FF DE 00 2A FF 01 00 00 00 1C 1C 1E 21 20 23 23 1C 00 00 00 00 00 00 00 00 00 00 00 00 00 00 00 00 00 00 00 00 00 00 00 00 00 00 00 00 00 00 00 00 00 00 00 00 00 00 00 00 00 00 00 00 00 00 00 00 00 00 00 00 00 00 00 00 00 00 00 00 00 00 00 00 00 00 00 00 00 00 00 00 FF FF FF FF FF FF FF FF 06 00 05 00 08 00 00 00
Dinah,Werefox,8C 00 00 00 FF FF FF FF 00 00 00 00 00 00 00 00 01 00 00 00 00 00 00 00 02 00 00 00 02 00 00 00 FF 00 00 00 FF FF FF FF 2E 05 07 00 01 00 05 00 02 01 FF 18 94 00 00 00 C4 1C 01 00 1B 00 2A 00 00 00 00 00 00 00 00 00 00 00 00 00 00 00 00 00 00 00 00 00 00 00 00 00 00 00 00 00 00 00 00 00 00 00 00 00 FF FF 00 00 00 00 00 00 00 00 00 00 00 00 00 00 FF FF 00 00 00 00 00 00 00 00 00 00 00 00 00 00 FF FF 00 00 00 00 00 00 00 00 00 00 00 00 00 00 FF FF 00 00 00 00 00 00 00 00 00 00 00 00 00 00 FF FF 00 00 00 00 00 00 00 00 00 00 00 00 00 00 FF FF 00 00 00 00 00 00 00 00 00 00 00 00 00 00 FF FF 00 00 00 00 00 00 00 00 00 00 00 00 00 00 FF FF 00 00 00 00 00 00 00 00 00 00 00 00 00 00 FF FF 00 00 00 00 00 00 00 00 00 00 00 00 00 00 FF FF 00 00 00 00 00 00 00 00 00 00 00 00 00 00 FF FF 00 00 00 00 00 00 00 00 00 00 00 00 00 00 FF FF 00 00 00 00 00 00 00 00 00 00 00 00 00 00 FF FF 00 00 00 00 00 00 00 00 00 00 00 00 00 00 FF FF 00 00 00 00 00 00 00 00 00 00 00 00 00 00 FF FF 00 00 00 00 00 00 00 00 00 00 00 00 00 00 FF FF 00 00 00 00 00 00 00 00 00 00 8F 57 B9 FF FF FF FF FF 8F 57 B9 FF 01 00 00 00 17 17 17 1C 1B 1E 1E 20 00 00 00 00 00 00 00 00 00 00 00 00 00 00 00 00 00 00 00 00 00 00 00 00 00 00 00 00 00 00 00 00 00 00 00 00 00 00 00 00 00 00 00 00 00 00 00 00 00 00 00 00 00 00 00 00 00 00 00 00 00 00 00 00 00 00 00 00 00 00 00 00 FF FF FF FF 47 01 00 00 06 00 06 00 08 00 00 00
Govil,Werewolf,92 00 00 00 FF FF FF FF 00 00 00 00 00 00 00 00 01 00 00 00 00 00 00 00 02 00 00 00 02 00 00 00 FF 00 00 00 FF FF FF FF 2D 05 07 00 06 00 00 00 01 01 FF 20 9C 00 00 00 10 D0 01 00 1F 00 48 00 00 00 00 00 00 00 00 00 00 00 00 00 00 00 00 00 00 00 00 00 00 00 00 00 00 00 00 00 00 00 00 00 00 00 00 00 FF FF 00 00 00 00 00 00 00 00 00 00 00 00 00 00 FF FF 00 00 00 00 00 00 00 00 00 00 00 00 00 00 FF FF 00 00 00 00 00 00 00 00 00 00 00 00 00 00 FF FF 00 00 00 00 00 00 00 00 00 00 00 00 00 00 FF FF 00 00 00 00 00 00 00 00 00 00 00 00 00 00 FF FF 00 00 00 00 00 00 00 00 00 00 00 00 00 00 FF FF 00 00 00 00 00 00 00 00 00 00 00 00 00 00 FF FF 00 00 00 00 00 00 00 00 00 00 00 00 00 00 FF FF 00 00 00 00 00 00 00 00 00 00 00 00 00 00 FF FF 00 00 00 00 00 00 00 00 00 00 00 00 00 00 FF FF 00 00 00 00 00 00 00 00 00 00 00 00 00 00 FF FF 00 00 00 00 00 00 00 00 00 00 00 00 00 00 FF FF 00 00 00 00 00 00 00 00 00 00 00 00 00 00 FF FF 00 00 00 00 00 00 00 00 00 00 00 00 00 00 FF FF 00 00 00 00 00 00 00 00 00 00 00 00 00 00 FF FF 00 00 00 00 00 00 00 00 00 00 8F 57 B9 FF FF FF FF FF 8F 57 B9 FF 01 00 00 00 16 19 20 25 23 27 27 0C 00 00 00 00 00 00 00 00 00 00 00 00 00 00 00 00 00 00 00 00 00 00 00 00 00 00 00 00 00 00 00 00 00 00 00 00 00 00 00 00 00 00 00 00 00 00 00 00 00 00 00 00 00 00 00 00 00 00 00 00 00 00 00 00 00 00 00 00 00 00 00 00 FF FF FF FF FF FF FF FF 06 00 06 00 08 00 00 00
Raenys,Feathebox,96 00 00 00 FF FF FF FF 00 00 00 00 00 00 00 00 01 00 00 00 00 00 00 00 02 00 00 00 02 00 00 00 FF 00 00 00 FF FF FF FF 32 02 02 00 02 00 00 00 02 01 FF 50 A3 00 00 00 10 D0 01 00 1F 00 38 00 00 00 00 00 00 00 00 00 00 00 00 00 00 00 00 00 00 00 00 00 00 00 00 00 00 00 00 00 00 00 00 00 00 00 00 00 FF FF 00 00 00 00 00 00 00 00 00 00 00 00 00 00 FF FF 00 00 00 00 00 00 00 00 00 00 00 00 00 00 FF FF 00 00 00 00 00 00 00 00 00 00 00 00 00 00 FF FF 00 00 00 00 00 00 00 00 00 00 00 00 00 00 FF FF 00 00 00 00 00 00 00 00 00 00 00 00 00 00 FF FF 00 00 00 00 00 00 00 00 00 00 00 00 00 00 FF FF 00 00 00 00 00 00 00 00 00 00 00 00 00 00 FF FF 00 00 00 00 00 00 00 00 00 00 00 00 00 00 FF FF 00 00 00 00 00 00 00 00 00 00 00 00 00 00 FF FF 00 00 00 00 00 00 00 00 00 00 00 00 00 00 FF FF 00 00 00 00 00 00 00 00 00 00 00 00 00 00 FF FF 00 00 00 00 00 00 00 00 00 00 00 00 00 00 FF FF 00 00 00 00 00 00 00 00 00 00 00 00 00 00 FF FF 00 00 00 00 00 00 00 00 00 00 00 00 00 00 FF FF 00 00 00 00 00 00 00 00 00 00 00 00 00 00 FF FF 00 00 00 00 00 00 00 00 00 00 FF FF FF FF CC 33 00 FF CC 33 00 FF 01 00 00 00 08 08 08 08 07 08 08 08 00 00 00 00 00 00 00 00 00 00 00 00 00 00 00 00 00 00 00 00 00 00 00 00 00 00 00 00 00 00 00 00 00 00 00 00 00 00 00 00 00 00 00 00 00 00 00 00 00 00 00 00 00 00 00 00 00 00 00 00 00 00 00 00 00 00 00 00 00 00 00 00 FF FF FF FF FF FF FF FF 06 00 04 00 08 00 00 00
Ilenia,Valkyria,9A 00 00 00 FF FF FF FF 00 00 00 00 00 00 00 00 01 00 00 00 00 00 00 00 02 00 00 00 02 00 00 00 FF 00 00 00 FF FF FF FF 38 03 01 00 01 00 00 00 02 01 FF 2F C0 00 00 00 D8 E7 08 00 2D 00 6B 00 00 00 00 00 00 00 00 00 00 00 00 00 00 00 00 00 00 00 00 00 00 00 00 00 00 00 00 00 00 00 00 00 00 00 00 00 FF FF 00 00 00 00 00 00 00 00 00 00 00 00 00 00 FF FF 00 00 00 00 00 00 00 00 00 00 00 00 00 00 FF FF 00 00 00 00 00 00 00 00 00 00 00 00 00 00 FF FF 00 00 00 00 00 00 00 00 00 00 00 00 00 00 FF FF 00 00 00 00 00 00 00 00 00 00 00 00 00 00 FF FF 00 00 00 00 00 00 00 00 00 00 00 00 00 00 FF FF 00 00 00 00 00 00 00 00 00 00 00 00 00 00 FF FF 00 00 00 00 00 00 00 00 00 00 00 00 00 00 FF FF 00 00 00 00 00 00 00 00 00 00 00 00 00 00 FF FF 00 00 00 00 00 00 00 00 00 00 00 00 00 00 FF FF 00 00 00 00 00 00 00 00 00 00 00 00 00 00 FF FF 00 00 00 00 00 00 00 00 00 00 00 00 00 00 FF FF 00 00 00 00 00 00 00 00 00 00 00 00 00 00 FF FF 00 00 00 00 00 00 00 00 00 00 00 00 00 00 FF FF 00 00 00 00 00 00 00 00 00 00 00 00 00 00 FF FF 00 00 00 00 00 00 00 00 00 00 2C 50 A9 FF FF FF FF FF 5D 7F D5 FF 01 00 00 00 02 02 02 02 02 02 02 02 00 00 00 00 00 00 00 00 00 00 00 00 00 00 00 00 00 00 00 00 00 00 00 00 00 00 00 00 00 00 00 00 00 00 00 00 00 00 00 00 00 00 00 00 00 00 00 00 00 00 00 00 00 00 00 00 00 00 00 00 00 00 00 00 00 00 00 00 00 00 00 00 FF FF FF FF FF FF FF FF 06 00 06 00 08 00 00 00
Mille,Warrior,9D 00 00 00 FF FF FF FF 00 00 00 00 00 00 00 00 01 00 00 00 00 00 00 00 02 00 00 00 02 00 00 00 FF 00 00 00 FF FF FF FF 11 06 09 00 0A 00 04 02 02 03 FF 3D C4 00 00 00 88 DD 08 00 2D 00 4D 00 00 00 00 00 00 00 00 00 00 00 00 00 00 00 00 00 00 00 00 00 00 00 00 00 00 00 00 00 00 00 00 00 00 00 00 00 FF FF 00 00 00 00 00 00 00 00 00 00 00 00 00 00 FF FF 00 00 00 00 00 00 00 00 00 00 00 00 00 00 FF FF 00 00 00 00 00 00 00 00 00 00 00 00 00 00 FF FF 00 00 00 00 00 00 00 00 00 00 00 00 00 00 FF FF 00 00 00 00 00 00 00 00 00 00 00 00 00 00 FF FF 00 00 00 00 00 00 00 00 00 00 00 00 00 00 FF FF 00 00 00 00 00 00 00 00 00 00 00 00 00 00 FF FF 00 00 00 00 00 00 00 00 00 00 00 00 00 00 FF FF 00 00 00 00 00 00 00 00 00 00 00 00 00 00 FF FF 00 00 00 00 00 00 00 00 00 00 00 00 00 00 FF FF 00 00 00 00 00 00 00 00 00 00 00 00 00 00 FF FF 00 00 00 00 00 00 00 00 00 00 00 00 00 00 FF FF 00 00 00 00 00 00 00 00 00 00 00 00 00 00 FF FF 00 00 00 00 00 00 00 00 00 00 00 00 00 00 FF FF 00 00 00 00 00 00 00 00 00 00 00 00 00 00 FF FF 00 00 00 00 00 00 00 00 00 00 2C 50 A9 FF FF FF FF FF 5D 7F D5 FF 01 00 00 00 02 02 02 02 02 02 02 02 00 00 00 00 00 00 00 00 00 00 00 00 00 00 00 00 00 00 00 00 00 00 00 00 00 00 00 00 00 00 00 00 00 00 00 00 00 00 00 00 00 00 00 00 00 00 00 00 00 00 00 00 00 00 00 00 00 00 00 00 00 00 00 00 00 00 00 00 00 00 00 00 FF FF FF FF FF FF FF FF 06 00 06 00 08 00 00 00
Gailey,Sergeant,A2 00 00 00 FF FF FF FF 00 00 00 00 00 00 00 00 01 00 00 00 00 00 00 00 02 00 00 00 02 00 00 00 FF 00 00 00 FF FF FF FF 06 06 06 00 01 00 00 00 01 01 FF 27 C1 00 00 00 2C 0A 0B 00 2F 00 52 00 00 00 00 00 00 00 00 00 00 00 00 00 00 00 00 00 00 00 00 00 00 00 00 00 00 00 00 00 00 00 00 00 00 00 00 00 FF FF 00 00 00 00 00 00 00 00 00 00 00 00 00 00 FF FF 00 00 00 00 00 00 00 00 00 00 00 00 00 00 FF FF 00 00 00 00 00 00 00 00 00 00 00 00 00 00 FF FF 00 00 00 00 00 00 00 00 00 00 00 00 00 00 FF FF 00 00 00 00 00 00 00 00 00 00 00 00 00 00 FF FF 00 00 00 00 00 00 00 00 00 00 00 00 00 00 FF FF 00 00 00 00 00 00 00 00 00 00 00 00 00 00 FF FF 00 00 00 00 00 00 00 00 00 00 00 00 00 00 FF FF 00 00 00 00 00 00 00 00 00 00 00 00 00 00 FF FF 00 00 00 00 00 00 00 00 00 00 00 00 00 00 FF FF 00 00 00 00 00 00 00 00 00 00 00 00 00 00 FF FF 00 00 00 00 00 00 00 00 00 00 00 00 00 00 FF FF 00 00 00 00 00 00 00 00 00 00 00 00 00 00 FF FF 00 00 00 00 00 00 00 00 00 00 00 00 00 00 FF FF 00 00 00 00 00 00 00 00 00 00 00 00 00 00 FF FF 00 00 00 00 00 00 00 00 00 00 2C 50 A9 FF FF FF FF FF 5D 7F D5 FF 01 00 00 00 02 02 02 02 02 02 02 02 00 00 00 00 00 00 00 00 00 00 00 00 00 00 00 00 00 00 00 00 00 00 00 00 00 00 00 00 00 00 00 00 00 00 00 00 00 00 00 00 00 00 00 00 00 00 00 00 00 00 00 00 00 00 00 00 00 00 00 00 00 00 00 00 00 00 00 00 00 00 00 00 FF FF FF FF FF FF FF FF 06 00 06 00 08 00 00 00
Alcina,Dark Marquess,A6 00 00 00 FF FF FF FF 00 00 00 00 00 00 00 00 01 00 00 00 00 00 00 00 02 00 00 00 02 00 00 00 FF 00 00 00 FF FF FF FF 49 02 02 00 01 00 00 00 02 01 FF 03 C2 00 00 00 2C 0A 0B 00 2F 00 4B 00 00 00 00 00 00 00 00 00 00 00 00 00 00 00 00 00 00 00 00 00 00 00 00 00 00 00 00 00 00 00 00 00 00 00 00 00 FF FF 00 00 00 00 00 00 00 00 00 00 00 00 00 00 FF FF 00 00 00 00 00 00 00 00 00 00 00 00 00 00 FF FF 00 00 00 00 00 00 00 00 00 00 00 00 00 00 FF FF 00 00 00 00 00 00 00 00 00 00 00 00 00 00 FF FF 00 00 00 00 00 00 00 00 00 00 00 00 00 00 FF FF 00 00 00 00 00 00 00 00 00 00 00 00 00 00 FF FF 00 00 00 00 00 00 00 00 00 00 00 00 00 00 FF FF 00 00 00 00 00 00 00 00 00 00 00 00 00 00 FF FF 00 00 00 00 00 00 00 00 00 00 00 00 00 00 FF FF 00 00 00 00 00 00 00 00 00 00 00 00 00 00 FF FF 00 00 00 00 00 00 00 00 00 00 00 00 00 00 FF FF 00 00 00 00 00 00 00 00 00 00 00 00 00 00 FF FF 00 00 00 00 00 00 00 00 00 00 00 00 00 00 FF FF 00 00 00 00 00 00 00 00 00 00 00 00 00 00 FF FF 00 00 00 00 00 00 00 00 00 00 00 00 00 00 FF FF 00 00 00 00 00 00 00 00 00 00 78 AA 46 FF FF FF FF FF 8C BC 5C FF 01 00 00 00 1B 1B 1B 20 1F 22 22 1B 00 00 00 00 00 00 00 00 00 00 00 00 00 00 00 00 00 00 00 00 00 00 00 00 00 00 00 00 00 00 00 00 00 00 00 00 00 00 00 00 00 00 00 00 00 00 00 00 00 00 00 00 00 00 00 00 00 00 00 00 00 00 00 00 00 00 00 00 00 00 00 00 FF FF FF FF FF FF FF FF 06 00 06 00 08 00 00 00
Beumont,Legionnaire,A9 00 00 00 FF FF FF FF 00 00 00 00 00 00 00 00 01 00 00 00 00 00 00 00 02 00 00 00 02 00 00 00 FF 00 00 00 FF FF FF FF 0E 08 01 00 0B 00 01 00 01 02 FF 0D BF 00 00 00 88 5C 0C 00 30 00 69 00 00 00 00 00 00 00 00 00 00 00 00 00 00 00 00 00 00 00 00 00 00 00 00 00 00 00 00 00 00 00 00 00 00 00 00 00 FF FF 00 00 00 00 00 00 00 00 00 00 00 00 00 00 FF FF 00 00 00 00 00 00 00 00 00 00 00 00 00 00 FF FF 00 00 00 00 00 00 00 00 00 00 00 00 00 00 FF FF 00 00 00 00 00 00 00 00 00 00 00 00 00 00 FF FF 00 00 00 00 00 00 00 00 00 00 00 00 00 00 FF FF 00 00 00 00 00 00 00 00 00 00 00 00 00 00 FF FF 00 00 00 00 00 00 00 00 00 00 00 00 00 00 FF FF 00 00 00 00 00 00 00 00 00 00 00 00 00 00 FF FF 00 00 00 00 00 00 00 00 00 00 00 00 00 00 FF FF 00 00 00 00 00 00 00 00 00 00 00 00 00 00 FF FF 00 00 00 00 00 00 00 00 00 00 00 00 00 00 FF FF 00 00 00 00 00 00 00 00 00 00 00 00 00 00 FF FF 00 00 00 00 00 00 00 00 00 00 00 00 00 00 FF FF 00 00 00 00 00 00 00 00 00 00 00 00 00 00 FF FF 00 00 00 00 00 00 00 00 00 00 00 00 00 00 FF FF 00 00 00 00 00 00 00 00 00 00 81 A1 FB FF FF FF FF FF 81 A1 FB FF 01 00 00 00 10 0C 16 26 1F 27 27 11 00 00 00 00 00 00 00 00 00 00 00 00 00 00 00 00 00 00 00 00 00 00 00 00 00 00 00 00 00 00 00 00 00 00 00 00 00 00 00 00 00 00 00 00 00 00 00 00 00 00 00 00 00 00 00 00 00 00 00 00 00 00 00 00 00 00 00 00 00 00 00 00 FF FF FF FF FF FF FF FF 06 00 06 00 08 00 00 00
Eigor,Dark Marquess,B0 00 00 00 FF FF FF FF 00 00 00 00 00 00 00 00 01 00 00 00 00 00 00 00 02 00 00 00 02 00 00 00 FF 00 00 00 FF FF FF FF 48 08 04 00 0B 00 00 00 01 01 FF 19 C3 00 00 00 58 50 0C 00 30 00 63 00 00 00 00 00 00 00 00 00 00 00 00 00 00 00 00 00 00 00 00 00 00 00 00 00 00 00 00 00 00 00 00 00 00 00 00 00 FF FF 00 00 00 00 00 00 00 00 00 00 00 00 00 00 FF FF 00 00 00 00 00 00 00 00 00 00 00 00 00 00 FF FF 00 00 00 00 00 00 00 00 00 00 00 00 00 00 FF FF 00 00 00 00 00 00 00 00 00 00 00 00 00 00 FF FF 00 00 00 00 00 00 00 00 00 00 00 00 00 00 FF FF 00 00 00 00 00 00 00 00 00 00 00 00 00 00 FF FF 00 00 00 00 00 00 00 00 00 00 00 00 00 00 FF FF 00 00 00 00 00 00 00 00 00 00 00 00 00 00 FF FF 00 00 00 00 00 00 00 00 00 00 00 00 00 00 FF FF 00 00 00 00 00 00 00 00 00 00 00 00 00 00 FF FF 00 00 00 00 00 00 00 00 00 00 00 00 00 00 FF FF 00 00 00 00 00 00 00 00 00 00 00 00 00 00 FF FF 00 00 00 00 00 00 00 00 00 00 00 00 00 00 FF FF 00 00 00 00 00 00 00 00 00 00 00 00 00 00 FF FF 00 00 00 00 00 00 00 00 00 00 00 00 00 00 FF FF 00 00 00 00 00 00 00 00 00 00 7B 5A 8B FF FF FF FF FF 96 76 A6 FF 01 00 00 00 01 01 01 01 01 01 01 01 00 00 00 00 00 00 00 00 00 00 00 00 00 00 00 00 00 00 00 00 00 00 00 00 00 00 00 00 00 00 00 00 00 00 00 00 00 00 00 00 00 00 00 00 00 00 00 00 00 00 00 00 00 00 00 00 00 00 00 00 00 00 00 00 00 00 00 00 00 00 00 00 FF FF FF FF FF FF FF FF 06 00 06 00 08 00 00 00