Character Header,,,,,,,,
95000000 0002AF40,,,,Slot 1,00000000,Charcters are in order they are obtained from left to right top to bottom,,
92000000 XXXXXXXX,,XX Character slot ,,Slot 2,000001D0,work out slot (character order in hex - 1)x 1D0 = Slot,,
,,,,Slot 3,000003A0,or (character order -1)x 464 = slot (need to convert to Hex),,
Class,,,,next slot +1D0,,,,
08000028 000000YY,,,,,,example character 1 (1-1) x 1D0 = 0,,same as 0 x 1D0
Growth 1,,,,,,charcter 9 (9-1) x 1D0 = E80,,same as 8 x 1D0 
08000029 000000YY,,,,,,charcter 15 (F-1) x 1D0 = 1960,,same as E x 1D0
Growth 2,,,,,,,,
0800002A 000000YY,,,,,,,,
Exp,,,,,,,,
28000038 YYYYYYYY,,,,,,,,
Level,,,,,,,,
0800003C 000000YY,,Capped 50,,,,,,
Bonus Health,,,,,[max bonus stats for first 100 characters],,,
08000040 000000YY,,,,,4202AF80 FFFFFFFF,,,
Bonus Attack,,,,,406401D0 00000000,,,
08000041 000000YY,,,,,4202AF84 FFFFFFFF,,,
Bonus Defence,,,,,406401D0 00000000,,,
08000042 000000YY,,,,,4202AF88 0000FFFF,,,
Bonus Magic Attack,,,,,406401D0 00000000,,,
08000043 000000YY,,,,,,,,
Bonus Magic Defence,,,,,,,,
08000044 000000YY,,,,,,,,
Bonus Hit Rate,,,,,,,,
08000045 000000YY,,,,,,,,
Bonus Avoid,,,,,,,,
08000046 000000YY,,,,,,,,
Bonus Critical,,,,,,,,
08000047 000000YY,,,,,,,,
Bonus Guard,,,,,,,,
08000048 000000YY,,,,,,,,
Bonus Speed,,,,,,,,
08000049 000000YY,,,,,,,,
,,,,,,,,
Add Item,,,,,,,,
80100014 00000000,,,,,,,,
00000000 000000FF,,,,,,,,
FFFFFFFF 00000000,,,,,,,,
28000000 YYYYYYYY,,Item Id,,,,,,
18000004 0000YYYY,,Item Order,Needs to be a value that's not been used by any other item. Best to use a high number,,,,,
18000008 0000YYYY,,Quantity,dosen't apply to equipment,,,,,
08000010 000000YY,,Type,"03 accessory, 04 consummable, 05 weapon/shield",,,,,