,00 N/A,01 Hardy,02 Offensive,03 Defensive,04 Precise,05 Lucky,06 Keen,07 Guadian,08 Go-Getter,09 All-Rounder,0A N/A,0B Grunt,0C Standard,0D Powerful,0E Boss,0F Josef,10 Mercenary
Hp,104,111,107,104,101,104,104,104,104,104,154,105,154,154,154,154,154
Phys.ATK,42,42,45,40,42,42,44,42,41,44,92,92,42,92,92,92,92
Phys.DEF,39,41,38,42,38,39,39,41,39,39,89,89,89,39,89,89,89
Mag.ATK,40,40,43,38,40,39,42,40,39,42,90,90,90,90,40,90,90
Mag.DEF,42,44,41,45,41,42,42,42,42,42,92,92,92,92,92,42,92
Accuracy,150,149,150,150,156,152,150,150,150,151,200,200,200,200,200,200,150
Evasion,65,65,65,65,65,71,65,65,68,67,115,115,115,115,115,115,115
Crit.Rate,21,21,21,21,22,21,25,30,23,21,71,71,71,71,71,71,71
Guard.Rate,30,30,30,31,30,30,29,34,30,30,80,80,80,80,80,80,80
Initiative,44,44,44,44,45,44,43,44,46,44,94,94,94,94,94,94,94
,,,,,,,,,,,,,,,,,
,,,,,,,,,,,,,,,,,
,,,,,,,,,,,,,,,,,
,These are Alain level 50 no equipment no dews used and,,,,,,,,,,,,,,,,
,only growth type 2 was modded while growth type 1 was set to 00,,,,,,,,,,,,,,,,
,,,,,,,,,,,,,,,,,
,Setting to 0A is the best Growth type. It increases every stat based on level,,,,,,,,,,,,,,,,
,,,,,,,,,,,,,,,,,
,so setting both growth types to 0A you get 100 points in each stat when you are level 50 (1000 points in total),,,,,,,,,,,,,,,,
,instead of 100 points spread over 10 stats (100 points in total),,,,,,,,,,,,,,,,