Dec,ID,Name,Type
1,00000001,-,
2,00000002,,
3,00000003,,
4,00000004,Coliseum Coin,Currency
5,00000005,Divine Shard,Currency
6,00000006,Hallowed Corne Ash,Potions
7,00000007,Luminous Corne Ash,Potions
8,00000008,Healing Tonic (S),Potions
9,00000009,Healing Tonic (M),Potions
10,0000000A,Healing Tonic (L),Potions
11,0000000B,Healing Font (S),Potions
12,0000000C,Healing Font (M),Potions
13,0000000D,Healing Font (L),Potions
14,0000000E,Revival Orb (S),Potions
15,0000000F,Revival Orb (M),Potions
16,00000010,Revival Orb (L),Potions
17,00000011,Elixir,Potions
18,00000012,Smoked Nuts,Potions
19,00000013,Hot Cross Buns,Potions
20,00000014,Grilled Steak,Potions
21,00000015,Silver Hourglass,Potions
22,00000016,Gold Hourglass,Potions
23,00000017,Stardust Hourglass,Potions
24,00000018,Camping Set (S),Potions
25,00000019,Camping Set (M),Potions
26,0000001A,Camping Set (L),Potions
27,0000001B,Empowering Draught,Potions
28,0000001C,Defensive Draught,Potions
29,0000001D,Liquid Fortune,Potions
30,0000001E,Light Feather,Potions
31,0000001F,Light Tailfeather,Potions
32,00000020,Beckoning Bell,Potions
33,00000021,Beckoning Chime,Potions
34,00000022,Wind Faerie's Charm,Potions
35,00000023,Holy Herb,Potions
36,00000024,Concealing CLoak,Potions
37,00000025,GIant's Canopy,Potions
38,00000026,Farsight Crystal,Potions
39,00000027,Conveyance Stone,Potions
40,00000028,Conveyance Crystal,Potions
41,00000029,Dream Blossom,Potions
42,0000002A,Barricade Kit,Potions
43,0000002B,Mantlet Kit,Potions
44,0000002C,Steel Trap,Potions
45,0000002D,Magick Mie,Potions
46,0000002E,Magick Bomb,Potions
47,0000002F,Novice Military Treatise,Potions
48,00000030,Standard Military Treatise,Potions
49,00000031,Expert  Military Treatise,Potions
50,00000032,Master Military Treatise,Potions
51,00000033,Supreme Military Treatise,Potions
52,00000034,Miracle Fruit,Potions
53,00000035,Dew of Vitality,Potions
54,00000036,Dew of Strength,Potions
55,00000037,Dew of Protection,Potions
56,00000038,Dew of Knowledge,Potions
57,00000039,Dew of Warding,Potions
58,0000003A,Dew of Skill,Potions
59,0000003B,Dew of Acuity,Potions
60,0000003C,Dew of Keenness,Potions
61,0000003D,Dew of Parrrying,Potions
62,0000003E,Dew of Agility,Potions
63,0000003F,Dew of Illusion,Potions
64,00000040,,Potions
65,00000041,,Potions
66,00000042,Idealist's Handmirror,Potions
67,00000043,Goat Biscuit,Treasure
68,00000044,Free Meal Ticket,Treasure
69,00000045,Free Mining Pass,Treasure
70,00000046,Black Market Permit,Quest Item
71,00000047,Bastorias Blue,Quest Item
72,00000048,Orphanage Key,Quest Item
73,00000049,Juicy Aged Meat Steak,Inn Food
74,0000004A,Mellow Cheese Hamburger,Inn Food
75,0000004B,Rich Pot-Grilled Doria,Inn Food
76,0000004C,Fluffy Egg Omelet,Inn Food
77,0000004D,Seafood Paella,Inn Food
78,0000004E,White Fish Aqua Pazza,Inn Food
79,0000004F,Plump Oyster Ajillo,Inn Food
80,00000050,Eggplant And Tomato Pasta,Inn Food
81,00000051,Beef Pot-Au-Feu With Chunky Vegetables,Inn Food
82,00000052,Guinea Chicken Grilled With Herbs,Inn Food
83,00000053,Basil And Fish Carpaccio,Inn Food
84,00000054,Fresh Tomato Margherita,Inn Food
85,00000055,Creamy Eggs Benedict,Inn Food
86,00000056,Soft-Boiled Egg And Bacon Galette,Inn Food
87,00000057,Crispy Lettuce Baguette Sandwich,Inn Food
88,00000058,Exquisite Strawberry Freisier,Inn Food
89,00000059,Dense Apple Tarte Tatin,Inn Food
90,0000005A,Cornut Lumber,Plant
91,0000005B,Dracia Lumber ,Plant
92,0000005C,Elgrove Lumber,Plant
93,0000005D,Baspine Lumber,Plant
94,0000005E,Albirch Lumber,Plant
95,0000005F,Corsite Stone,Plant
96,00000060,Sedranite Stone,Plant
97,00000061,Felcite Stone,Plant
98,00000062,Bastrite Stone,Plant
99,00000063,Alcedony Stone,Plant
100,00000064,Corvia Herb,Plant
101,00000065,Holdra Herb,Plant
102,00000066,Elweiss Herb,Plant
103,00000067,Bascaria Herb,Plant
104,00000068,Althus Herb,Plant
105,00000069,Cornian Sardine,Plant
106,0000006A,Draken Sea Bream,Plant
107,0000006B,Elheim Mullet,Plant
108,0000006C,Bastroian Salmon,Plant
109,0000006D,Albion Herring,Plant
110,0000006E,Cornian Trout,Plant
111,0000006F,Draken Tilapia,Plant
112,00000070,Elheim Pirarucu,Plant
113,00000071,Bastorian Smelt,Plant
114,00000072,Albion Pike,Plant
115,00000073,Iron Ore,Plant
116,00000074,Copper Ore,Plant
117,00000075,Silver Ore,Plant
118,00000076,Gold Ore,Plant
119,00000077,Platinum Ore,Plant
120,00000078,Honey Apple,Plant
121,00000079,Ancient Dragon Skull,Plant
122,0000007A,Throney Vine,Plant
123,0000007B,Ice Crystal,Plant
124,0000007C,Goat Milk,Plant
125,0000007D,Meager Timber,Plant
126,0000007E,Unsullied Timber,Plant
127,0000007F,Sturdy Timber,Plant
128,00000080,Meager Scrap Metal ,Plant
129,00000081,Unsullied Scrap Metal ,Plant
130,00000082,Sturdy Scrap Metal,Plant
131,00000083,,
132,00000084,,
133,00000085,Secular Literature,Gifts
134,00000086,Palevian Scriptures,Gifts
135,00000087,History Of Febris,Gifts
136,00000088,Sectrieve Rock Salt,Gifts
137,00000089,Wilter Herb,Gifts
138,0000008A,Warnby Pepper,Gifts
139,0000008B,Imitation Sword,Gifts
140,0000008C,Music Box,Gifts
141,0000008D,Extravagant Vase,Gifts
142,0000008E,Gray Jewel,Gifts
143,0000008F,Zagavona Wine,Gifts
144,00000090,Merietella Brandy,Gifts
145,00000091,Soap,Gifts
146,00000092,Perfume,Gifts
147,00000093,Face Powder,Gifts
148,00000094,Cut Flowers,Gifts
149,00000095,Pressed Flowers,Gifts
150,00000096,Bouquet,Gifts
151,00000097,Franc,Gifts
152,00000098,Blancmange,Gifts
153,00000099,Galette,Gifts
154,0000009A,Pro Set,Gifts
155,0000009B,Cutting Board,Gifts
156,0000009C,Viking Knife,Gifts
157,0000009D,Cup And Saucer,Gifts
158,0000009E,Teapot ,Gifts
159,0000009F,Snack Tray,Gifts
160,000000A0,Dice,Gifts
161,000000A1,Cards ,Gifts
162,000000A2,Board Game,Gifts
163,000000A3,Surcaut ,Gifts
164,000000A4,Cotto ,Gifts
165,000000A5,Chemise ,Gifts
166,000000A6,Pencil ,Gifts
167,000000A7,Paints ,Gifts
168,000000A8,Easel ,Gifts
169,000000A9,Lapis Lazuli ,Gifts
170,000000AA,Ruby,Gifts
171,000000AB,Black Diamond,Gifts
172,000000AC,,
173,000000AD,Cornia Treasure Map 1,Treasure Map
174,000000AE,Cornia Treasure Map 2,Treasure Map
175,000000AF,Cornia Treasure Map 3,Treasure Map
176,000000B0,Cornia Treasure Map 4,Treasure Map
177,000000B1,Cornia Treasure Map 5,Treasure Map
178,000000B2,,
179,000000B3,Drakenhold Treasure Map 1,Treasure Map
180,000000B4,Drakenhold Treasure Map 2,Treasure Map
181,000000B5,Drakenhold Treasure Map 3,Treasure Map
182,000000B6,Drakenhold Treasure Map 4,Treasure Map
183,000000B7,Drakenhold Treasure Map 5,Treasure Map
184,000000B8,,
185,000000B9,Elheim Treasure Map 1,Treasure Map
186,000000BA,Elheim Treasure Map 2,Treasure Map
187,000000BB,Elheim Treasure Map 3,Treasure Map
188,000000BC,Elheim Treasure Map 4,Treasure Map
189,000000BD,Elheim Treasure Map 5,Treasure Map
190,000000BE,,
191,000000BF,Bastorias Treasure Map 1,Treasure Map
192,000000C0,Bastorias Treasure Map 2,Treasure Map
193,000000C1,Bastorias Treasure Map 3,Treasure Map
194,000000C2,Bastorias Treasure Map 4,Treasure Map
195,000000C3,Bastorias Treasure Map 5,Treasure Map
196,000000C4,,
197,000000C5,Albion Treasure Map 1,Treasure Map
198,000000C6,Albion Treasure Map 2,Treasure Map
199,000000C7,Albion Treasure Map 3,Treasure Map
200,000000C8,Albion Treasure Map 4,Treasure Map
201,000000C9,Albion Treasure Map 5,Treasure Map
202,000000CA,,
203,000000CB,,
204,000000CC,Coat Of Arms Of Cornia,Coat Of Arms
205,000000CD,Coat Of Arms Of Drakengard,Coat Of Arms
206,000000CE,Coat Of Arms Of Elheim,Coat Of Arms
207,000000CF,Coat Of Arms Of Bastorias,Coat Of Arms
208,000000D0,Coat Of Arms Of Albion,Coat Of Arms
209,000000D1,Coat Of Arms Of Zenoira,Coat Of Arms
210,000000D2,Coat Of Arms Of The Liberation Army,Coat Of Arms
211,000000D3,Coat Of Arms Of The Swamp Witch,Coat Of Arms
212,000000D4,Coat Of Arms Of House Obry,Coat Of Arms
213,000000D5,Coat Of Arms Of The Cornianvolunteers,Coat Of Arms
214,000000D6,Gray-Blue Knight Group Emblem,Coat Of Arms
215,000000D7,Triangular Beast Mercenary Emblem,Coat Of Arms
216,000000D8,Iron Helmet Mercenary Emblem,Coat Of Arms
217,000000D9,Celestial Wolf Mercenary Emblem,Coat Of Arms
218,000000DA,Black Claw Thieves Emblem,Coat Of Arms
219,000000DB,Order Of The Rose Emblem,Coat Of Arms
220,000000DC,Meyer Family Emblem,Coat Of Arms
221,000000DD,Nordheim Family Emblem,Coat Of Arms
222,000000DE,Schuv Family Emblem Crest,Coat Of Arms
223,000000DF,Sechhelm Family Crest,Coat Of Arms
224,000000E0,Three Poison Mercenaries Crest,Coat Of Arms
225,000000E1,Crimson Dragon Knights Crest,Coat Of Arms
226,000000E2,Sand Scorpion Thieves Crest,Coat Of Arms
227,000000E3,Golden Goat Knights Crest,Coat Of Arms
228,000000E4,Arena Gladiator Crest,Coat Of Arms
229,000000E5,Hulth Volunteers Crest,Coat Of Arms
230,000000E6,Cock-Crown Knights Emblem,Coat Of Arms
231,000000E7,Elheim Resistance Army Emblem,Coat Of Arms
232,000000E8,Black Swan Knights Emblem,Coat Of Arms
233,000000E9,Flame Lance Knights Emblem,Coat Of Arms
234,000000EA,Spirit Knights Emblem,Coat Of Arms
235,000000EB,Thorn thorn Knights Emblem ,Coat Of Arms
236,000000EC,Fox Clan Emblem,Coat Of Arms
237,000000ED,Owl Clan Emblem ,Coat Of Arms
238,000000EE,Wolf Clan Emblem ,Coat Of Arms
239,000000EF,Bear Clan Emblem ,Coat Of Arms
240,000000F0,Exorcism Knights Emblem ,Coat Of Arms
241,000000F1,Ice Octopus Pirates Emblem ,Coat Of Arms
242,000000F2,Parevia Orthodox Church Emblem ,Coat Of Arms
243,000000F3,Knights Of The Sacred Heart emblem,Coat Of Arms
244,000000F4,Heavenly Winged Knights Emblem ,Coat Of Arms
245,000000F5,White Shark Knights Emblem ,Coat Of Arms
246,000000F6,Demonic Knights Emblem ,Coat Of Arms
247,000000F7,Albion Alliance Emblem ,Coat Of Arms
248,000000F8,Robed Knight Emblem ,Coat Of Arms
249,000000F9,Dead Spirit Corps Emblem ,Coat Of Arms
250,000000FA,Rock Rats Emblem ,Coat Of Arms
251,000000FB,Ruins Investigation Team emblem,Coat Of Arms
252,000000FC,Vigilante Emblem ,Coat Of Arms
253,000000FD,Thieves Emblem ,Coat Of Arms
254,000000FE,Mercenary Corps Emblem ,Coat Of Arms
255,000000FF,New Cornia Emblem ,Coat Of Arms
256,00000100,Elion Emblem ,Coat Of Arms
257,00000101,Hydeland Emblem ,Coat Of Arms
258,00000102,Sakura High School Emblem,Coat Of Arms
259,00000103,,
260,00000104,Faded Note 1 ,Quest Item
261,00000105,Faded Note 2 ,Quest Item
262,00000106,Faded Note 3 ,Quest Item
263,00000107,Faded Note 4 ,Quest Item
264,00000108,Faded Note 5,Quest Item
265,00000109,Dig time Extensions (S),Potion
266,0000010A,Dig time Extensions (M),Potion
267,0000010B,Dig time Extensions (L),Potion
268,0000010C,False Death Potion ,Potion - Debug
269,0000010D,Damage Potion 000,Potion - Debug
270,0000010E,,
271,0000010F,,
272,00000110,,
273,00000111,,
274,00000112,,
275,00000113,,
276,00000114,,
277,00000115,,
278,00000116,,
279,00000117,,
280,00000118,,
281,00000119,,
282,0000011A,Bronze Sword,Weapons
283,0000011B,Recruit's Shortsword,Weapons
284,0000011C,Baroque Sword,Weapons
285,0000011D,-,Weapons
286,0000011E,Iron Sword,Weapons
287,0000011F,Black-Iron Sword,Weapons
288,00000120,Carnat Sword,Weapons
289,00000121,Greatwood Sword,Weapons
290,00000122,Steel Sword,Weapons
291,00000123,Spellsteel Sword,Weapons
292,00000124,Vorpal Sword,Weapons
293,00000125,-,Weapons
294,00000126,-,Weapons
295,00000127,-,Weapons
296,00000128,Dragonbone Blade,Weapons
297,00000129,Thorn Blade,Weapons
298,0000012A,Icefall Blade,Weapons
299,0000012B,Wingcrest Blade,Weapons
300,0000012C,-,Weapons
301,0000012D,Templar's Sword,Weapons
302,0000012E,Phantom Knight's Sword,Weapons
303,0000012F,Zenoiran Sword,Weapons
304,00000130,Zenoiran Knight's Sword,Weapons
305,00000131,Heavenswing Sword,Weapons
306,00000132,-,Weapons
307,00000133,Obsidian Sword,Weapons
308,00000134,Nameless Greatsword,Weapons
309,00000135,Veteran's Sword,Weapons
310,00000136,Hunter's Claymore,Weapons
311,00000137,Hallowed Blade,Weapons
312,00000138,Carnelian Blade,Weapons
313,00000139,Meteorite Sword,Weapons
314,0000013A,-,Weapons
315,0000013B,Viperfang,Weapons
316,0000013C,Scorpion's Sting,Weapons
317,0000013D,Searing Rapier,Weapons
318,0000013E,Flamberge,Weapons
319,0000013F,Barbarian's Might,Weapons
320,00000140,Dancer's Delight,Weapons
321,00000141,Crimson Sword,Weapons
322,00000142,Mist Scimitar,Weapons
323,00000143,Sylph's Bane,Weapons
324,00000144,Galecutter,Weapons
325,00000145,Hailstorm Edge,Weapons
326,00000146,Pursuant's Blade,Weapons
327,00000147,Cutthroat's Boon,Weapons
328,00000148,Moonlight Rapier,Weapons
329,00000149,Sanguine Blade,Weapons
330,0000014A,Runic Sword,Weapons
331,0000014B,-,Weapons
332,0000014C,Wyvern Razor,Weapons
333,0000014D,Stingray,Weapons
334,0000014E,Rose Knight Sword,Weapons
335,0000014F,Bandit Longsword,Weapons
336,00000150,Royal Saber,Weapons
337,00000151,Greatsword,Weapons
338,00000152,Cursed Blade Of The Abyss,Weapons
339,00000153,Cursed Blade Of The Abyss,Weapons
340,00000154,Greatsword Of The Abyss,Weapons
341,00000155,Red Rose,Weapons
342,00000156,Blue Rose,Weapons
343,00000157,-,Weapons
344,00000158,Kingsblade Cornix,Weapons
345,00000159,Notos's Sword,Weapons
346,0000015A,Rosularis Sword,Weapons
347,0000015B,Sacral Sword,Weapons
348,0000015C,Holy Unicorn Blade,Weapons
349,0000015D,Bronze Spear,Weapons
350,0000015E,Recruit's Shortspear,Weapons
351,0000015F,Baroque Spear,Weapons
352,00000160,-,Weapons
353,00000161,Iron Spear,Weapons
354,00000162,Black-Iron Spear,Weapons
355,00000163,Carnat Spear,Weapons
356,00000164,Greatwood Spear,Weapons
357,00000165,Steel Spear,Weapons
358,00000166,Spellsteel Spear,Weapons
359,00000167,Vorpal Spear,Weapons
360,00000168,-,Weapons
361,00000169,-,Weapons
362,0000016A,-,Weapons
363,0000016B,Dragonbone Spear,Weapons
364,0000016C,Thorn Spear,Weapons
365,0000016D,Icefall Spear,Weapons
366,0000016E,Wingcrest Spear,Weapons
367,0000016F,Watchman's Longspear,Weapons
368,00000170,Nameless Guard's Spear,Weapons
369,00000171,-,Weapons
370,00000172,Templar's Spear,Weapons
371,00000173,Phantom Knight's Spear,Weapons
372,00000174,Zenoiran Spear,Weapons
373,00000175,Zenoiran Knight's Spear,Weapons
374,00000176,Salamander Spear,Weapons
375,00000177,Sacred Heart Spear,Weapons
376,00000178,-,Weapons
377,00000179,Obsidian Spear,Weapons
378,0000017A,Nameless Greatspear,Weapons
379,0000017B,Veteran's Pike,Weapons
380,0000017C,Glaive,Weapons
381,0000017D,Adept's Shortspear,Weapons
382,0000017E,Astral Pike,Weapons
383,0000017F,Carnelian Spear,Weapons
384,00000180,Meteorite Lance,Weapons
385,00000181,-,Weapons
386,00000182,Unwavering Spear,Weapons
387,00000183,Storm Of Hail,Weapons
388,00000184,Corroded Spear,Weapons
389,00000185,Valkyrie's Partisan,Weapons
390,00000186,Surging Shortspear,Weapons
391,00000187,Usurper's Spear,Weapons
392,00000188,Elfeater,Weapons
393,00000189,General's Pike,Weapons
394,0000018A,Canyon Lance,Weapons
395,0000018B,Helix Spear,Weapons
396,0000018C,Dragoon's Warspear,Weapons
397,0000018D,Bloody Spear,Weapons
398,0000018E,Runic Spear,Weapons
399,0000018F,-,Weapons
400,00000190,Twinned Bough,Weapons
401,00000191,Twinned Bough,Weapons
402,00000192,Silver Trident,Weapons
403,00000193,Crimson Sarissa,Weapons
404,00000194,Flame Javelin,Weapons
405,00000195,Death Pillar,Weapons
406,00000196,Cursed Lance Of The Abyss,Weapons
407,00000197,Cursed Lance Of The Abyss,Weapons
408,00000198,Testarossa,Weapons
409,00000199,-,Weapons
410,0000019A,Kingslance Elhal,Weapons
411,0000019B,Zephyros's Spear,Weapons
412,0000019C,Orchis Spear,Weapons
413,0000019D,Sacral Spear,Weapons
414,0000019E,Lance Of Devotion,Weapons
415,0000019F,Bronze Axe,Weapons
416,000001A0,Recruit's Handaxe,Weapons
417,000001A1,Baroque Axe,Weapons
418,000001A2,-,Weapons
419,000001A3,Iron Axe,Weapons
420,000001A4,Black-Iron Axe,Weapons
421,000001A5,Carnat Axe,Weapons
422,000001A6,Greatwood Axe,Weapons
423,000001A7,Steel Axe,Weapons
424,000001A8,Spellsteel Axe,Weapons
425,000001A9,Vorpal Axe,Weapons
426,000001AA,-,Weapons
427,000001AB,-,Weapons
428,000001AC,-,Weapons
429,000001AD,Dragonbone Axe,Weapons
430,000001AE,Thorn Axe,Weapons
431,000001AF,Icefall Axe,Weapons
432,000001B0,Wingcrest Axe,Weapons
433,000001B1,-,Weapons
434,000001B2,Templar's Axe,Weapons
435,000001B3,Phantom Knight's Axe,Weapons
436,000001B4,Zenoiran Axe,Weapons
437,000001B5,Zenoiran Knight Axe,Weapons
438,000001B6,Bandit's Handaxe,Weapons
439,000001B7,Golden Ram Axe,Weapons
440,000001B8,-,Weapons
441,000001B9,Obsidian Axe,Weapons
442,000001BA,Nameless Greataxe,Weapons
443,000001BB,Veteran's Axe,Weapons
444,000001BC,Hunter's Halberd,Weapons
445,000001BD,Knot Of Ruin,Weapons
446,000001BE,Carnelian Axe,Weapons
447,000001BF,Meteorite Axe,Weapons
448,000001C0,-,Weapons
449,000001C1,Crushing Axe,Weapons
450,000001C2,Hoarfrost Axe,Weapons
451,000001C3,Frozen Battleaxe,Weapons
452,000001C4,Barbarian's Axe,Weapons
453,000001C5,Mason's Hammer,Weapons
454,000001C6,Spiked Hammer,Weapons
455,000001C7,Headsman's Axe,Weapons
456,000001C8,Eliminator,Weapons
457,000001C9,Morningstar,Weapons
458,000001CA,Silvermoon Axe,Weapons
459,000001CB,Giant's Greataxe,Weapons
460,000001CC,Banishing Hammer,Weapons
461,000001CD,Dark Knight Cleaver,Weapons
462,000001CE,Berserker's Battleaxe,Weapons
463,000001CF,Sanguine Axe,Weapons
464,000001D0,Runic Axe,Weapons
465,000001D1,-,Weapons
466,000001D2,Rose Knight Axe,Weapons
467,000001D3,Rose Knight Hammer,Weapons
468,000001D4,Labrys,Weapons
469,000001D5,Warhammer,Weapons
470,000001D6,Black Axe Of The Abyss 1,Weapons
471,000001D7,Black Axe Of The Abyss 2,Weapons
472,000001D8,Cursed Axe Of The Abyss 1,Weapons
473,000001D9,Cursed Axe Of The Abyss 2,Weapons
474,000001DA,Juggernaut,Weapons
475,000001DB,-,Weapons
476,000001DC,Kingsaxe Drakenash,Weapons
477,000001DD,Boreas's Axe,Weapons
478,000001DE,Helleborus Axe,Weapons
479,000001DF,Sacral Axe,Weapons
480,000001E0,-,Weapons
481,000001E1,Bronze Bow,Weapons
482,000001E2,Recruit's Shortbow,Weapons
483,000001E3,Baroque Bow,Weapons
484,000001E4,-,Weapons
485,000001E5,Iron Bow,Weapons
486,000001E6,Black-Iron Bow,Weapons
487,000001E7,Carnat Bow,Weapons
488,000001E8,Greatwood Bow,Weapons
489,000001E9,Steel Bow,Weapons
490,000001EA,Spellsteel Bow,Weapons
491,000001EB,Vorpal Bow,Weapons
492,000001EC,-,Weapons
493,000001ED,-,Weapons
494,000001EE,-,Weapons
495,000001EF,Dragonbone Bow,Weapons
496,000001F0,Thorn Bow,Weapons
497,000001F1,Icefall Bow,Weapons
498,000001F2,Wingcrest Bow,Weapons
499,000001F3,Watchman's Longbow,Weapons
500,000001F4,Nameless Guard's Bow,Weapons
501,000001F5,-,Weapons
502,000001F6,Templar's Bow,Weapons
503,000001F7,Phantom Knight's Bow,Weapons
504,000001F8,Zenoiran Bow,Weapons
505,000001F9,Zenoiran Knight's Bow,Weapons
506,000001FA,Magebane Bow,Weapons
507,000001FB,-,Weapons
508,000001FC,Nameless Greatbow,Weapons
509,000001FD,Obsidian Bow,Weapons
510,000001FE,Carnelian Bow,Weapons
511,000001FF,Meteorite Bow,Weapons
512,00000200,Infamous Bow,Weapons
513,00000201,Veteran's Bow,Weapons
514,00000202,-,Weapons
515,00000203,Viper Bow,Weapons
516,00000204,Flame Bow,Weapons
517,00000205,Salamander Greatbow,Weapons
518,00000206,Starless Bow,Weapons
519,00000207,Thundering Bow,Weapons
520,00000208,Thundering Strongbow,Weapons
521,00000209,Piercing Bow,Weapons
522,0000020A,Piercing Strongbow,Weapons
523,0000020B,Spellseal Bow,Weapons
524,0000020C,Pheasant Bow,Weapons
525,0000020D,Interrogator's Bow,Weapons
526,0000020E,The Inquisitor,Weapons
527,0000020F,Bow Of Swiftness,Weapons
528,00000210,Silvermoon Bow,Weapons
529,00000211,General's Longbow,Weapons
530,00000212,Crane Bow,Weapons
531,00000213,Trapper's Warbow,Weapons
532,00000214,Gallian Crossbow,Weapons
533,00000215,Sanguine Bow,Weapons
534,00000216,Runic Bow,Weapons
535,00000217,-,Weapons
536,00000218,Greatwood Spiritbow,Weapons
537,00000219,Desert Bow,Weapons
538,0000021A,Frostbloom Bow,Weapons
539,0000021B,Woodpecker,Weapons
540,0000021C,Replica Alminster,Weapons
541,0000021D,-,Weapons
542,0000021E,Kingsbow Bastorik,Weapons
543,0000021F,Apeliotes's Bow,Weapons
544,00000220,Quince Bow,Weapons
545,00000221,Sacral Bow,Weapons
546,00000222,Alminster,Weapons
547,00000223,Bronze Staff,Weapons
548,00000224,Recruit's Staff,Weapons
549,00000225,Baroque Rod,Weapons
550,00000226,-,Weapons
551,00000227,Iron Staff,Weapons
552,00000228,Black-Iron Staff,Weapons
553,00000229,Carnat Rod,Weapons
554,0000022A,Greatwood Staff,Weapons
555,0000022B,Steel Staff,Weapons
556,0000022C,Spellsteel Staff,Weapons
557,0000022D,Vorpal Rod,Weapons
558,0000022E,-,Weapons
559,0000022F,-,Weapons
560,00000230,-,Weapons
561,00000231,Dragonbone Staff,Weapons
562,00000232,Thorn Staff,Weapons
563,00000233,Icefall Staff,Weapons
564,00000234,Wingcrest Staff,Weapons
565,00000235,-,Weapons
566,00000236,Templar's Staff,Weapons
567,00000237,Phantom Knight's Staff,Weapons
568,00000238,Zenoiran Staff,Weapons
569,00000239,Zenoiran Knight's Staff,Weapons
570,0000023A,Raven Staff,Weapons
571,0000023B,Twilight Staff,Weapons
572,0000023C,-,Weapons
573,0000023D,Warding Staff,Weapons
574,0000023E,Nameless Greatstaff,Weapons
575,0000023F,Obsidian Staff,Weapons
576,00000240,Carnelian Staff,Weapons
577,00000241,Meteorite Rod,Weapons
578,00000242,Veteran's Staff,Weapons
579,00000243,-,Weapons
580,00000244,-,Weapons
581,00000245,-,Weapons
582,00000246,Thawing Scepter,Weapons
583,00000247,Pestilent Staff,Weapons
584,00000248,Bloodmoon Rod,Weapons
585,00000249,Wind Scepter,Weapons
586,0000024A,Telluric Staff,Weapons
587,0000024B,Grand Magus Staff,Weapons
588,0000024C,Icestorm Staff,Weapons
589,0000024D,Quartz Rod,Weapons
590,0000024E,-,Weapons
591,0000024F,Defender's Mace,Weapons
592,00000250,Cleric's Cane,Weapons
593,00000251,Lyrical Wand,Weapons
594,00000252,Hallowed Mace,Weapons
595,00000253,Staff Of Succor,Weapons
596,00000254,Ringed Staff,Weapons
597,00000255,Phosphorescent Staff,Weapons
598,00000256,Precious Rod,Weapons
599,00000257,Lifeblood Staff,Weapons
600,00000258,Purifier,Weapons
601,00000259,-,Weapons
602,0000025A,Liberator's Staff,Weapons
603,0000025B,Speed-Hex Staff,Weapons
604,0000025C,Poison-Hex Staff,Weapons
605,0000025D,Flame-Hex Staff,Weapons
606,0000025E,Dustbound Staff,Weapons
607,0000025F,Shaman's Bonestaff,Weapons
608,00000260,Gleaming Mace,Weapons
609,00000261,-,Weapons
610,00000262,Chiropteran Staff,Weapons
611,00000263,Mother Laelia's Staff,Weapons
612,00000264,Red-Bark Staff,Weapons
613,00000265,Chlorotic,Weapons
614,00000266,Undead Staff,Weapons
615,00000267,Ein Seeker,Weapons
616,00000268,Heavenswing Staff,Weapons
617,00000269,Sanguis Mea,Weapons
618,0000026A,Cursed Staff Of The Abyss,Weapons
619,0000026B,Cursed Staff Of The Abyss,Weapons
620,0000026C,Millenium Scepter,Weapons
621,0000026D,Libera,Weapons
622,0000026E,Cardinal's Mace,Weapons
623,0000026F,-,Weapons
624,00000270,Kingstaff Albiore,Weapons
625,00000271,Euros's Staff,Weapons
626,00000272,Lupinus Staff,Weapons
627,00000273,Sacral Rod,Weapons
628,00000274,Papal Crosier,Weapons
629,00000275,-,Weapons
630,00000276,,
631,00000277,,
632,00000278,,
633,00000279,,
634,0000027A,,
635,0000027B,,
636,0000027C,,
637,0000027D,,
638,0000027E,,
639,0000027F,,
640,00000280,,
641,00000281,,
642,00000282,Bronze Shield,Shields
643,00000283,Recruit's Shield,Shields
644,00000284,Baroque Shield,Shields
645,00000285,Battler's Shield,Shields
646,00000286,Iron Shield,Shields
647,00000287,Black-Iron Shield,Shields
648,00000288,Carnat Shield,Shields
649,00000289,Greatwood Shield,Shields
650,0000028A,Steel Shield,Shields
651,0000028B,Spellsteel Shield,Shields
652,0000028C,Vorpal Shield,Shields
653,0000028D,-,Shields
654,0000028E,-,Shields
655,0000028F,-,Shields
656,00000290,Dragonbone Shield,Shields
657,00000291,Thorn Shield,Shields
658,00000292,Icefall Shield,Shields
659,00000293,Wingcrest Shield,Shields
660,00000294,Watchman's Buckler,Shields
661,00000295,Nameless Guard's Shield,Shields
662,00000296,-,Shields
663,00000297,Templar's Shield,Shields
664,00000298,Phantom Knight's Shield,Shields
665,00000299,Zenoiran Shield,Shields
666,0000029A,Zenoiran Knight's Shield,Shields
667,0000029B,Golden Ram Shield,Shields
668,0000029C,Heavenswing Shield,Shields
669,0000029D,-,Shields
670,0000029E,Obsidian Shield,Shields
671,0000029F,Azure Crest Shield,Shields
672,000002A0,Scarlet Crest Shield,Shields
673,000002A1,Hunter's Buckler,Shields
674,000002A2,Blessed Roundshield,Shields
675,000002A3,-,Shields
676,000002A4,Viper Shield,Shields
677,000002A5,Searing Shield,Shields
678,000002A6,Hoarfrost Shield,Shields
679,000002A7,Luminous Shield,Shields
680,000002A8,Twin Dragon Shield,Shields
681,000002A9,Unfettered Shield,Shields
682,000002AA,Chivalric Shield,Shields
683,000002AB,-,Shields
684,000002AC,Guard's Shield,Shields
685,000002AD,Mercenary's Shield,Shields
686,000002AE,Holy Knight's Shield,Shields
687,000002AF,Cavalry Hunter's Buckler,Shields
688,000002B0,Angel Hunter's Buckler,Shields
689,000002B1,Beast Hunter's Buckler,Shields
690,000002B2,Moonlight Shield,Shields
691,000002B3,Unyielding Shield,Shields
692,000002B4,Squire's Shield,Shields
693,000002B5,Arrowshield,Shields
694,000002B6,Ironclad Buckler,Shields
695,000002B7,Manalith Buckler,Shields
696,000002B8,Parrying Shield,Shields
697,000002B9,White Knight's Shield,Shields
698,000002BA,-,Shields
699,000002BB,Blue Rose Shield,Shields
700,000002BC,White Rider's Shield,Shields
701,000002BD,-,Shields
702,000002BE,-,Shields
703,000002BF,-,Shields
704,000002C0,-,Shields
705,000002C1,Kaikias's Shield,Shields
706,000002C2,Holy Unicorn Shield,Shields
707,000002C3,-,Shields
708,000002C4,-,Shields
709,000002C5,-,Shields
710,000002C6,Bronze Greatshield,Shields
711,000002C7,Recruit's Greatshield,Shields
712,000002C8,Baroque Greatshield,Shields
713,000002C9,Conveyable Greatshield,Shields
714,000002CA,Iron Greatshield,Shields
715,000002CB,Black-Iron Greatshield,Shields
716,000002CC,Carnat Greatshield,Shields
717,000002CD,Greatwood Greatshield,Shields
718,000002CE,Steel Greatshield,Shields
719,000002CF,Spellsteel Greatshield,Shields
720,000002D0,Vorpal Greatshield,Shields
721,000002D1,-,Shields
722,000002D2,-,Shields
723,000002D3,-,Shields
724,000002D4,Dragonbone Greatshield,Shields
725,000002D5,Thorn Greatshield,Shields
726,000002D6,Icefall Greatshield,Shields
727,000002D7,Wingcrest Greatshield,Shields
728,000002D8,-,Shields
729,000002D9,Templar's Greatshield,Shields
730,000002DA,Phantom Knight's Greatshield,Shields
731,000002DB,Zenoiran Greatshield,Shields
732,000002DC,Zenoiran Knight's Greatshield,Shields
733,000002DD,Feathered Crest Greatshield,Shields
734,000002DE,Heavenswing Greatshield,Shields
735,000002DF,-,Shields
736,000002E0,Obsidian Greatshield,Shields
737,000002E1,Azure Crest Greatshield,Shields
738,000002E2,-,Shields
739,000002E3,Mirage Greatshield,Shields
740,000002E4,-,Shields
741,000002E5,-,Shields
742,000002E6,Viper Greatshield,Shields
743,000002E7,Searing Greatshield,Shields
744,000002E8,Hoarfrost Greatshield,Shields
745,000002E9,Luminous Greatshield,Shields
746,000002EA,-,Shields
747,000002EB,Citadel Guard's Greatshield,Shields
748,000002EC,Moonlight Greatshield,Shields
749,000002ED,Unyielding Greatshield,Shields
750,000002EE,Horsekiller Greatshield,Shields
751,000002EF,Wingclipper Greatshield,Shields
752,000002F0,Beastslayer Greatshield,Shields
753,000002F1,Squire's Greatshield,Shields
754,000002F2,Panoplied Greatshield,Shields
755,000002F3,Ironclad Towershield,Shields
756,000002F4,Bulwark Towershield,Shields
757,000002F5,White Knight's Greatshield,Shields
758,000002F6,Blacksilver Pavise,Shields
759,000002F7,-,Shields
760,000002F8,-,Shields
761,000002F9,Heaven's Mirror Greatshield,Shields
762,000002FA,Drakestone Iceshield,Shields
763,000002FB,Greatshield Of The Abyss,Shields
764,000002FC,Greatshield Of The Abyss,Shields
765,000002FD,-,Shields
766,000002FE,Skiron's Greatshield,Shields
767,000002FF,Hero's Greatshield,Shields
768,00000300,Champion's Towershield,Shields
769,00000301,Gran Baris,Shields
770,00000302,-,Shields
771,00000303,-,Shields
772,00000304,,
773,00000305,,
774,00000306,,
775,00000307,,
776,00000308,,
777,00000309,,
778,0000030A,,
779,0000030B,,
780,0000030C,,
781,0000030D,,
782,0000030E,,
783,0000030F,,
784,00000310,Carnelian Pendant,Accessories
785,00000311,Ruby Pendant,Accessories
786,00000312,Lapis Pendant,Accessories
787,00000313,Sapphire Pendant,Accessories
788,00000314,Amethyst Pendant,Accessories
789,00000315,Onyx Pendant,Accessories
790,00000316,Bronze Bangle,Accessories
791,00000317,Silver Bangle,Accessories
792,00000318,Gold Bangle,Accessories
793,00000319,Bronze Circlet,Accessories
794,0000031A,Silver Circlet,Accessories
795,0000031B,Gold Circlet,Accessories
796,0000031C,Brown Beret,Accessories
797,0000031D,Green Beret,Accessories
798,0000031E,Elite Beret,Accessories
799,0000031F,Leather Hood,Accessories
800,00000320,Silk Hood,Accessories
801,00000321,Sage's Hood,Accessories
802,00000322,Vitality Talisman,Accessories
803,00000323,Lifeblood Talisman,Accessories
804,00000324,Ervã©Lda's Talisman,Accessories
805,00000325,Dove Plume,Accessories
806,00000326,Raven Plume,Accessories
807,00000327,Angel Plume,Accessories
808,00000328,Iron Shackles,Accessories
809,00000329,Prisoner's Shackles,Accessories
810,0000032A,Daemon's Shackles,Accessories
811,0000032B,Blue Spectacles,Accessories
812,0000032C,Mirrored Spectacles,Accessories
813,0000032D,Silken Scarf,Accessories
814,0000032E,Royal Scarf,Accessories
815,0000032F,Mercenary's Eyepatch,Accessories
816,00000330,Veteran's Eyepatch,Accessories
817,00000331,Lucky Coin,Accessories
818,00000332,Gauntlets,Accessories
819,00000333,Cloth Gauntlets,Accessories
820,00000334,Leaf Broach,Accessories
821,00000335,Rose Broach,Accessories
822,00000336,Holy Broach,Accessories
823,00000337,Sacral Broach,Accessories
824,00000338,White Ribbon,Accessories
825,00000339,Verdant Ribbon,Accessories
826,0000033A,Scarlett's Ribbon,Accessories
827,0000033B,Bloodstained Ribbon,Accessories
828,0000033C,Warrior's Medallion,Accessories
829,0000033D,Sorcerer's Medallion,Accessories
830,0000033E,Knight's Medallion,Accessories
831,0000033F,Cleric's Medallion,Accessories
832,00000340,Hero's Medallion,Accessories
833,00000341,Charm Of Land & Sea,Accessories
834,00000342,Charm Of Sun & Moon,Accessories
835,00000343,Lionheart,Accessories
836,00000344,Mistletoe Charm,Accessories
837,00000345,Lamplight Ring,Accessories
838,00000346,Watchman's Lantern,Accessories
839,00000347,Watchman's Horn,Accessories
840,00000348,Gravekeeper Lantern,Accessories
841,00000349,Gravekeeper Boots,Accessories
842,0000034A,Undead Ring,Accessories
843,0000034B,Necromancer's Lantern,Accessories
844,0000034C,Bloodmoon Earrings,Accessories
845,0000034D,Retaliation Earrings,Accessories
846,0000034E,Earrings Of Pursuit,Accessories
847,0000034F,-,Accessories
848,00000350,Tailwind Cape,Accessories
849,00000351,Lips's Ring,Accessories
850,00000352,Gust Bracelet,Accessories
851,00000353,Squall Bracelet,Accessories
852,00000354,Crude Tasset,Accessories
853,00000355,Defender's Ring,Accessories
854,00000356,Acrobat's Shoes,Accessories
855,00000357,Battleline Standard,Accessories
856,00000358,Wingline Standard,Accessories
857,00000359,Elite Standard,Accessories
858,0000035A,Wolfpack Gauntlets,Accessories
859,0000035B,Badger Gauntlets,Accessories
860,0000035C,-,Accessories
861,0000035D,First Aid Kit,Accessories
862,0000035E,Medical Kit,Accessories
863,0000035F,Large Aid Kit,Accessories
864,00000360,Shawl Of Repose,Accessories
865,00000361,-,Accessories
866,00000362,Defensive Ring,Accessories
867,00000363,Aurora Ring,Accessories
868,00000364,Charm Of Warding,Accessories
869,00000365,Wind Faerie's Bell,Accessories
870,00000366,Thief's Bell,Accessories
871,00000367,Flamebrand Tome,Accessories
872,00000368,Frostbrand Tome,Accessories
873,00000369,Thunderbrand Tome,Accessories
874,0000036A,Bloodbrand Tome,Accessories
875,0000036B,Glory Sash,Accessories
876,0000036C,Dancer's Bracelet,Accessories
877,0000036D,Gambler's Coin,Accessories
878,0000036E,Dirty Gambler's Coin,Accessories
879,0000036F,Familiar's Choker,Accessories
880,00000370,Truestrike Star,Accessories
881,00000371,Sage Owl's Shawl,Accessories
882,00000372,-,Accessories
883,00000373,Sniper's Lens,Accessories
884,00000374,Sniper's Amber Lens,Accessories
885,00000375,Wyvern Reins,Accessories
886,00000376,Heavenwyvern Reins,Accessories
887,00000377,Armored Gauntlets,Accessories
888,00000378,-,Accessories
889,00000379,Pursuant's Bracelet,Accessories
890,0000037A,Liberator's Bracelet,Accessories
891,0000037B,Outlaw's Bracelet,Accessories
892,0000037C,Wolf Fang Bracelet,Accessories
893,0000037D,Cleric's Bracelet,Accessories
894,0000037E,Counter Belt,Accessories
895,0000037F,Riot Belt,Accessories
896,00000380,Wyvern Claw,Accessories
897,00000381,Mage's Gloves,Accessories
898,00000382,Liberator's Belt,Accessories
899,00000383,Monk's Mitre,Accessories
900,00000384,Archbishop's Mitre,Accessories
901,00000385,Spirit's Necklace,Accessories
902,00000386,Self-Aid Kit,Accessories
903,00000387,Lapis Bell,Accessories
904,00000388,Dancer's Anklet,Accessories
905,00000389,Dawn Robes,Accessories
906,0000038A,Dusk Robes,Accessories
907,0000038B,-,Accessories
908,0000038C,Power Belt,Accessories
909,0000038D,Defensive Gauntlets,Accessories
910,0000038E,Thief's Mantle,Accessories
911,0000038F,Twilight Cloak,Accessories
912,00000390,Illusory Cloak,Accessories
913,00000391,Courser's Reins,Accessories
914,00000392,Heavensteed Reins,Accessories
915,00000393,Old Witch's Ring,Accessories
916,00000394,-,Accessories
917,00000395,Master's Gauntlets,Accessories
918,00000396,Guardian Gloves,Accessories
919,00000397,Vengeful Caligae,Accessories
920,00000398,Citadel Guard's Sabatons,Accessories
921,00000399,Druid's Robes,Accessories
922,0000039A,Sorcerer's Gauntlets,Accessories
923,0000039B,Soothing Plume,Accessories
924,0000039C,Phoenix's Plume,Accessories
925,0000039D,-,Accessories
926,0000039E,Detoxifying Amulet,Accessories
927,0000039F,Quenching Amulet,Accessories
928,000003A0,Defrosting Amulet,Accessories
929,000003A1,Awakening Amulet,Accessories
930,000003A2,Clearsight Amulet,Accessories
931,000003A3,Parrying Amulet,Accessories
932,000003A4,Skillful Amulet,Accessories
933,000003A5,Holy Unicorn Signet,Accessories
934,000003A6,Salamander Ring,Accessories
935,000003A7,Glacial Ring,Accessories
936,000003A8,Thunderclap Ring,Accessories
937,000003A9,Cooling Bandana,Accessories
938,000003AA,Barbed Ribbon,Accessories
939,000003AB,Wooly Mittens,Accessories
940,000003AC,Fluffy Cape,Accessories
941,000003AD,-,Accessories
942,000003AE,Chloe's Charm,Accessories
943,000003AF,Rookie Egg,Accessories
944,000003B0,Golden Egg,Accessories
945,000003B1,Miser's Bracelet,Accessories
946,000003B2,Silver Goblet,Accessories
947,000003B3,Gold Goblet,Accessories
948,000003B4,Gauntlets Of The Abyss,Accessories
949,000003B5,Crown Of The Abyss,Accessories
950,000003B6,Talisman Of The Abyss,Accessories
951,000003B7,Celestial Talisman,Accessories
952,000003B8,Magia Soul,Accessories
953,000003B9,Magia Heart,Accessories
954,000003BA,White Cat-Ear Hood,Accessories
955,000003BB,Black Cat-Ear Hood,Accessories
956,000003BC,Dream Crown,Accessories
957,000003BD,Ancient Crown,Accessories
958,000003BE,-,Accessories
959,000003BF,Ring Of The Unicorn,Accessories
960,000003C0,Ring Of The Unicorn,Accessories
961,000003C1,Ring Of The Unicorn,Accessories
962,000003C2,Ring Of The Maiden,Accessories
963,000003C3,Ring Of The Maiden,Accessories
964,000003C4,Ring Of The Maiden,Accessories
965,000003C5,Hp +50,Accessories
966,000003C6,Hp +200,Accessories
967,000003C7,Str +100,Accessories
968,000003C8,Physical Attack +,Accessories
969,000003C9,Magical Attack +,Accessories
970,000003CA,Critical Damage +,Accessories
971,000003CB,,
972,000003CC,,
973,000003CD,,
974,000003CE,,
975,000003CF,,
976,000003D0,,
977,000003D1,,
978,000003D2,,
979,000003D3,,
980,000003D4,,
981,000003D5,,
982,000003D6,,
983,000003D7,,
984,000003D8,,
985,000003D9,,
986,000003DA,,
987,000003DB,,
988,000003DC,,
989,000003DD,,
990,000003DE,,
991,000003DF,,
992,000003E0,,
993,000003E1,,
994,000003E2,,
995,000003E3,,
996,000003E4,,
997,000003E5,,
998,000003E6,,
999,000003E7,,
1000,000003E8,,
1001,000003E9,,
1002,000003EA,,
1003,000003EB,,
1004,000003EC,,
1005,000003ED,,
1006,000003EE,,
1007,000003EF,,
1008,000003F0,,
1009,000003F1,,
1010,000003F2,,
1011,000003F3,,
1012,000003F4,,
1013,000003F5,,
1014,000003F6,,
1015,000003F7,,
1016,000003F8,,
1017,000003F9,,
1018,000003FA,,
1019,000003FB,,
1020,000003FC,,
1021,000003FD,,
1022,000003FE,,
1023,000003FF,,
1024,00000400,,
1025,00000401,,
1026,00000402,,
1027,00000403,,
1028,00000404,,
1029,00000405,,
1030,00000406,,
1031,00000407,,
1032,00000408,,
1033,00000409,,
1034,0000040A,,
1035,0000040B,,
1036,0000040C,,
1037,0000040D,,
1038,0000040E,,
1039,0000040F,,
1040,00000410,,
1041,00000411,,
1042,00000412,,
1043,00000413,,
1044,00000414,,
1045,00000415,,
1046,00000416,,
1047,00000417,,
1048,00000418,,
1049,00000419,,
1050,0000041A,,
1051,0000041B,,
1052,0000041C,,
1053,0000041D,,
1054,0000041E,,
1055,0000041F,,
1056,00000420,,
1057,00000421,,
1058,00000422,,
1059,00000423,,
1060,00000424,,
1061,00000425,,
1062,00000426,,
1063,00000427,,
1064,00000428,,
1065,00000429,,
1066,0000042A,,
1067,0000042B,,
1068,0000042C,,
1069,0000042D,,
1070,0000042E,,
1071,0000042F,,
1072,00000430,,
1073,00000431,,
1074,00000432,,
1075,00000433,,
1076,00000434,,
1077,00000435,,
1078,00000436,,
1079,00000437,,
1080,00000438,,
1081,00000439,,
1082,0000043A,,
1083,0000043B,,
1084,0000043C,,
1085,0000043D,,
1086,0000043E,,
1087,0000043F,,
1088,00000440,,
1089,00000441,,
1090,00000442,,
1091,00000443,,
1092,00000444,,
1093,00000445,,
1094,00000446,,
1095,00000447,,
1096,00000448,,
1097,00000449,,
1098,0000044A,,
1099,0000044B,,
1100,0000044C,,
1101,0000044D,,
1102,0000044E,,
1103,0000044F,,
1104,00000450,,
1105,00000451,,
1106,00000452,,
1107,00000453,,
1108,00000454,,
1109,00000455,,
1110,00000456,,
1111,00000457,,
1112,00000458,,
1113,00000459,,
1114,0000045A,,
1115,0000045B,,
1116,0000045C,,
1117,0000045D,,
1118,0000045E,,
1119,0000045F,,
1120,00000460,,
1121,00000461,,
1122,00000462,,
1123,00000463,,
1124,00000464,,
1125,00000465,,
1126,00000466,,
1127,00000467,,
1128,00000468,,
1129,00000469,,
1130,0000046A,,
1131,0000046B,,
1132,0000046C,,
1133,0000046D,,
1134,0000046E,,
1135,0000046F,,
1136,00000470,,
1137,00000471,,
1138,00000472,,
1139,00000473,,
1140,00000474,,
1141,00000475,,
1142,00000476,,
1143,00000477,,
1144,00000478,,
1145,00000479,,
1146,0000047A,,
1147,0000047B,,
1148,0000047C,,
1149,0000047D,,
1150,0000047E,,
1151,0000047F,,
1152,00000480,,
1153,00000481,,
1154,00000482,,
1155,00000483,,
1156,00000484,,
1157,00000485,,
1158,00000486,,
1159,00000487,,
1160,00000488,,
1161,00000489,,
1162,0000048A,,
1163,0000048B,,
1164,0000048C,,
1165,0000048D,,
1166,0000048E,,
1167,0000048F,,
1168,00000490,,
1169,00000491,,
1170,00000492,,
1171,00000493,,
1172,00000494,,
1173,00000495,,
1174,00000496,,
1175,00000497,,
1176,00000498,,
1177,00000499,,
1178,0000049A,,
1179,0000049B,,
1180,0000049C,,
1181,0000049D,,
1182,0000049E,,
1183,0000049F,,
1184,000004A0,,
1185,000004A1,,
1186,000004A2,,
1187,000004A3,,
1188,000004A4,,
1189,000004A5,,
1190,000004A6,,
1191,000004A7,,
1192,000004A8,,
1193,000004A9,,
1194,000004AA,,
1195,000004AB,,
1196,000004AC,,
1197,000004AD,,
1198,000004AE,,
1199,000004AF,,
1200,000004B0,,
1201,000004B1,,
1202,000004B2,,
1203,000004B3,,
1204,000004B4,,
1205,000004B5,,
1206,000004B6,,
1207,000004B7,,
1208,000004B8,,
1209,000004B9,,
1210,000004BA,,
1211,000004BB,,
1212,000004BC,,
1213,000004BD,,
1214,000004BE,,
1215,000004BF,,
1216,000004C0,,
1217,000004C1,,
1218,000004C2,,
1219,000004C3,,
1220,000004C4,,
1221,000004C5,,
1222,000004C6,,
1223,000004C7,,
1224,000004C8,,
1225,000004C9,,
1226,000004CA,,
1227,000004CB,,
1228,000004CC,,
1229,000004CD,,
1230,000004CE,,
1231,000004CF,,
1232,000004D0,,
1233,000004D1,,
1234,000004D2,,
1235,000004D3,,
1236,000004D4,,
1237,000004D5,,
1238,000004D6,,
1239,000004D7,,
1240,000004D8,,
1241,000004D9,,
1242,000004DA,,
1243,000004DB,,
1244,000004DC,,
1245,000004DD,,
1246,000004DE,,
1247,000004DF,,
1248,000004E0,,
1249,000004E1,,
1250,000004E2,,
1251,000004E3,,
1252,000004E4,,
1253,000004E5,,
1254,000004E6,,
1255,000004E7,,
1256,000004E8,,
1257,000004E9,,
1258,000004EA,,
1259,000004EB,,
1260,000004EC,,
1261,000004ED,,
1262,000004EE,,
1263,000004EF,,
1264,000004F0,,
1265,000004F1,,
1266,000004F2,,
1267,000004F3,,
1268,000004F4,,
1269,000004F5,,
1270,000004F6,,
1271,000004F7,,
1272,000004F8,,
1273,000004F9,,
1274,000004FA,,
1275,000004FB,,
1276,000004FC,,
1277,000004FD,,
1278,000004FE,,
1279,000004FF,,
1280,00000500,,
1281,00000501,,
1282,00000502,,
1283,00000503,,
1284,00000504,,
1285,00000505,,
1286,00000506,,
1287,00000507,,
1288,00000508,,
1289,00000509,,
1290,0000050A,,
1291,0000050B,,
1292,0000050C,,
1293,0000050D,,
1294,0000050E,,
1295,0000050F,,
1296,00000510,,
1297,00000511,,
1298,00000512,,
1299,00000513,,
1300,00000514,,
1301,00000515,,
1302,00000516,,
1303,00000517,,
1304,00000518,,
1305,00000519,,
1306,0000051A,,
1307,0000051B,,
1308,0000051C,,
1309,0000051D,,
1310,0000051E,,
1311,0000051F,,
1312,00000520,,
1313,00000521,,
1314,00000522,,
1315,00000523,,
1316,00000524,,
1317,00000525,,
1318,00000526,,
1319,00000527,,
1320,00000528,,
1321,00000529,,
1322,0000052A,,
1323,0000052B,,
1324,0000052C,,
1325,0000052D,,
1326,0000052E,,
1327,0000052F,,
1328,00000530,,
1329,00000531,,
1330,00000532,,
1331,00000533,,
1332,00000534,,
1333,00000535,,
1334,00000536,,
1335,00000537,,
1336,00000538,,
1337,00000539,,
1338,0000053A,,
1339,0000053B,,
1340,0000053C,,
1341,0000053D,,
1342,0000053E,,
1343,0000053F,,
1344,00000540,,
1345,00000541,,
1346,00000542,,
1347,00000543,,
1348,00000544,,
1349,00000545,,
1350,00000546,,
1351,00000547,,
1352,00000548,,
1353,00000549,,
1354,0000054A,,
1355,0000054B,,
1356,0000054C,,
1357,0000054D,,
1358,0000054E,,
1359,0000054F,,
1360,00000550,,
1361,00000551,,
1362,00000552,,
1363,00000553,,
1364,00000554,,
1365,00000555,,
1366,00000556,,
1367,00000557,,
1368,00000558,,
1369,00000559,,
1370,0000055A,,
1371,0000055B,,
1372,0000055C,,
1373,0000055D,,
1374,0000055E,,
1375,0000055F,,
1376,00000560,,
1377,00000561,,
1378,00000562,,
1379,00000563,,
1380,00000564,,
1381,00000565,,
1382,00000566,,
1383,00000567,,
1384,00000568,,
1385,00000569,,
1386,0000056A,,
1387,0000056B,,
1388,0000056C,,
1389,0000056D,,
1390,0000056E,,
1391,0000056F,,
1392,00000570,,
1393,00000571,,
1394,00000572,,
1395,00000573,,
1396,00000574,,
1397,00000575,,
1398,00000576,,
1399,00000577,,
1400,00000578,,
1401,00000579,,
1402,0000057A,,
1403,0000057B,,
1404,0000057C,,
1405,0000057D,,
1406,0000057E,,
1407,0000057F,,
1408,00000580,,
1409,00000581,,
1410,00000582,,
1411,00000583,,
1412,00000584,,
1413,00000585,,
1414,00000586,,
1415,00000587,,
1416,00000588,,
1417,00000589,,
1418,0000058A,,
1419,0000058B,,
1420,0000058C,,
1421,0000058D,,
1422,0000058E,,
1423,0000058F,,
1424,00000590,,
1425,00000591,,
1426,00000592,,
1427,00000593,,
1428,00000594,,
1429,00000595,,
1430,00000596,,
1431,00000597,,
1432,00000598,,
1433,00000599,,
1434,0000059A,,
1435,0000059B,,
1436,0000059C,,
1437,0000059D,,
1438,0000059E,,
1439,0000059F,,
1440,000005A0,,
1441,000005A1,,
1442,000005A2,,
1443,000005A3,,
1444,000005A4,,
1445,000005A5,,
1446,000005A6,,
1447,000005A7,,
1448,000005A8,,
1449,000005A9,,
1450,000005AA,,
1451,000005AB,,
1452,000005AC,,
1453,000005AD,,
1454,000005AE,,
1455,000005AF,,
1456,000005B0,,
1457,000005B1,,
1458,000005B2,,
1459,000005B3,,
1460,000005B4,,
1461,000005B5,,
1462,000005B6,,
1463,000005B7,,
1464,000005B8,,
1465,000005B9,,
1466,000005BA,,
1467,000005BB,,
1468,000005BC,,
1469,000005BD,,
1470,000005BE,,
1471,000005BF,,
1472,000005C0,,
1473,000005C1,,
1474,000005C2,,
1475,000005C3,,
1476,000005C4,,
1477,000005C5,,
1478,000005C6,,
1479,000005C7,,
1480,000005C8,,
1481,000005C9,,
1482,000005CA,,
1483,000005CB,,
1484,000005CC,,
1485,000005CD,,
1486,000005CE,,
1487,000005CF,,
1488,000005D0,,
1489,000005D1,,
1490,000005D2,,
1491,000005D3,,
1492,000005D4,,
1493,000005D5,,
1494,000005D6,,
1495,000005D7,,
1496,000005D8,,
1497,000005D9,,
1498,000005DA,,
1499,000005DB,,
1500,000005DC,,
1501,000005DD,,
1502,000005DE,,
1503,000005DF,,
1504,000005E0,,
1505,000005E1,,
1506,000005E2,,
1507,000005E3,,
1508,000005E4,,
1509,000005E5,,
1510,000005E6,,
1511,000005E7,,
1512,000005E8,,
1513,000005E9,,
1514,000005EA,,
1515,000005EB,,
1516,000005EC,,
1517,000005ED,,
1518,000005EE,,
1519,000005EF,,
1520,000005F0,,
1521,000005F1,,
1522,000005F2,,
1523,000005F3,,
1524,000005F4,,
1525,000005F5,,
1526,000005F6,,
1527,000005F7,,
1528,000005F8,,
1529,000005F9,,
1530,000005FA,,
1531,000005FB,,
1532,000005FC,,
1533,000005FD,,
1534,000005FE,,
1535,000005FF,,
1536,00000600,,
1537,00000601,,
1538,00000602,,
1539,00000603,,
1540,00000604,,
1541,00000605,,
1542,00000606,,
1543,00000607,,
1544,00000608,,
1545,00000609,,
1546,0000060A,,
1547,0000060B,,
1548,0000060C,,
1549,0000060D,,
1550,0000060E,,
1551,0000060F,,
1552,00000610,,
1553,00000611,,
1554,00000612,,
1555,00000613,,
1556,00000614,,
1557,00000615,,
1558,00000616,,
1559,00000617,,
1560,00000618,,
1561,00000619,,
1562,0000061A,,
1563,0000061B,,
1564,0000061C,,
1565,0000061D,,
1566,0000061E,,
1567,0000061F,,
1568,00000620,,
1569,00000621,,
1570,00000622,,
1571,00000623,,
1572,00000624,,
1573,00000625,,
1574,00000626,,
1575,00000627,,
1576,00000628,,
1577,00000629,,
1578,0000062A,,
1579,0000062B,,
1580,0000062C,,
1581,0000062D,,
1582,0000062E,,
1583,0000062F,,
1584,00000630,,
1585,00000631,,
1586,00000632,,
1587,00000633,,
1588,00000634,,
1589,00000635,,
1590,00000636,,
1591,00000637,,
1592,00000638,,
1593,00000639,,
1594,0000063A,,
1595,0000063B,,
1596,0000063C,,
1597,0000063D,,
1598,0000063E,,
1599,0000063F,,
1600,00000640,,
1601,00000641,,
1602,00000642,,
1603,00000643,,
1604,00000644,,
1605,00000645,,
1606,00000646,,
1607,00000647,,
1608,00000648,,
1609,00000649,,
1610,0000064A,,
1611,0000064B,,
1612,0000064C,,
1613,0000064D,,
1614,0000064E,,
1615,0000064F,,
1616,00000650,,
1617,00000651,,
1618,00000652,,
1619,00000653,,
1620,00000654,,
1621,00000655,,
1622,00000656,,
1623,00000657,,
1624,00000658,,
1625,00000659,,
1626,0000065A,,
1627,0000065B,,
1628,0000065C,,
1629,0000065D,,
1630,0000065E,,
1631,0000065F,,
1632,00000660,,
1633,00000661,,
1634,00000662,,
1635,00000663,,
1636,00000664,,
1637,00000665,,
1638,00000666,,
1639,00000667,,
1640,00000668,,
1641,00000669,,
1642,0000066A,,
1643,0000066B,,
1644,0000066C,,
1645,0000066D,,
1646,0000066E,,
1647,0000066F,,
1648,00000670,,
1649,00000671,,
1650,00000672,,
1651,00000673,,
1652,00000674,,
1653,00000675,,
1654,00000676,,
1655,00000677,,
1656,00000678,,
1657,00000679,,
1658,0000067A,,
1659,0000067B,,
1660,0000067C,,
1661,0000067D,,
1662,0000067E,,
1663,0000067F,,
1664,00000680,,
1665,00000681,,
1666,00000682,,
1667,00000683,,
1668,00000684,,
1669,00000685,,
1670,00000686,,
1671,00000687,,
1672,00000688,,
1673,00000689,,
1674,0000068A,,
1675,0000068B,,
1676,0000068C,,
1677,0000068D,,
1678,0000068E,,
1679,0000068F,,
1680,00000690,,
1681,00000691,,
1682,00000692,,
1683,00000693,,
1684,00000694,,
1685,00000695,,
1686,00000696,,
1687,00000697,,
1688,00000698,,
1689,00000699,,
1690,0000069A,,
1691,0000069B,,
1692,0000069C,,
1693,0000069D,,
1694,0000069E,,
1695,0000069F,,
1696,000006A0,,
1697,000006A1,,
1698,000006A2,,
1699,000006A3,,
1700,000006A4,,
1701,000006A5,,
1702,000006A6,,
1703,000006A7,,
1704,000006A8,,
1705,000006A9,,
1706,000006AA,,
1707,000006AB,,
1708,000006AC,,
1709,000006AD,,
1710,000006AE,,
1711,000006AF,,
1712,000006B0,,
1713,000006B1,,
1714,000006B2,,
1715,000006B3,,
1716,000006B4,,
1717,000006B5,,
1718,000006B6,,
1719,000006B7,,
1720,000006B8,,
1721,000006B9,,
1722,000006BA,,
1723,000006BB,,
1724,000006BC,,
1725,000006BD,,
1726,000006BE,,
1727,000006BF,,
1728,000006C0,,
1729,000006C1,,
1730,000006C2,,
1731,000006C3,,
1732,000006C4,,
1733,000006C5,,
1734,000006C6,,
1735,000006C7,,
1736,000006C8,,
1737,000006C9,,
1738,000006CA,,
1739,000006CB,,
1740,000006CC,,
1741,000006CD,,
1742,000006CE,,
1743,000006CF,,
1744,000006D0,,
1745,000006D1,,
1746,000006D2,,
1747,000006D3,,
1748,000006D4,,
1749,000006D5,,
1750,000006D6,,
1751,000006D7,,
1752,000006D8,,
1753,000006D9,,
1754,000006DA,,
1755,000006DB,,
1756,000006DC,,
1757,000006DD,,
1758,000006DE,,
1759,000006DF,,
1760,000006E0,,
1761,000006E1,,
1762,000006E2,,
1763,000006E3,,
1764,000006E4,,
1765,000006E5,,
1766,000006E6,,
1767,000006E7,,
1768,000006E8,,
1769,000006E9,,
1770,000006EA,,
1771,000006EB,,
1772,000006EC,,
1773,000006ED,,
1774,000006EE,,
1775,000006EF,,
1776,000006F0,,
1777,000006F1,,
1778,000006F2,,
1779,000006F3,,
1780,000006F4,,
1781,000006F5,,
1782,000006F6,,
1783,000006F7,,
1784,000006F8,,
1785,000006F9,,
1786,000006FA,,
1787,000006FB,,
1788,000006FC,,
1789,000006FD,,
1790,000006FE,,
1791,000006FF,,
1792,00000700,,
1793,00000701,,
1794,00000702,,
1795,00000703,,
1796,00000704,,
1797,00000705,,
1798,00000706,,
1799,00000707,,
1800,00000708,,
1801,00000709,,
1802,0000070A,,
1803,0000070B,,
1804,0000070C,,
1805,0000070D,,
1806,0000070E,,
1807,0000070F,,
1808,00000710,,
1809,00000711,,
1810,00000712,,
1811,00000713,,
1812,00000714,,
1813,00000715,,
1814,00000716,,
1815,00000717,,
1816,00000718,,
1817,00000719,,
1818,0000071A,,
1819,0000071B,,
1820,0000071C,,
1821,0000071D,,
1822,0000071E,,
1823,0000071F,,
1824,00000720,,
1825,00000721,,
1826,00000722,,
1827,00000723,,
1828,00000724,,
1829,00000725,,
1830,00000726,,
1831,00000727,,
1832,00000728,,
1833,00000729,,
1834,0000072A,,
1835,0000072B,,
1836,0000072C,,
1837,0000072D,,
1838,0000072E,,
1839,0000072F,,
1840,00000730,,
1841,00000731,,
1842,00000732,,
1843,00000733,,
1844,00000734,,
1845,00000735,,
1846,00000736,,
1847,00000737,,
1848,00000738,,
1849,00000739,,
1850,0000073A,,
1851,0000073B,,
1852,0000073C,,
1853,0000073D,,
1854,0000073E,,
1855,0000073F,,
1856,00000740,,
1857,00000741,,
1858,00000742,,
1859,00000743,,
1860,00000744,,
1861,00000745,,
1862,00000746,,
1863,00000747,,
1864,00000748,,
1865,00000749,,
1866,0000074A,,
1867,0000074B,,
1868,0000074C,,
1869,0000074D,,
1870,0000074E,,
1871,0000074F,,
1872,00000750,,
1873,00000751,,
1874,00000752,,
1875,00000753,,
1876,00000754,,
1877,00000755,,
1878,00000756,,
1879,00000757,,
1880,00000758,,
1881,00000759,,
1882,0000075A,,
1883,0000075B,,
1884,0000075C,,
1885,0000075D,,
1886,0000075E,,
1887,0000075F,,
1888,00000760,,
1889,00000761,,
1890,00000762,,
1891,00000763,,
1892,00000764,,
1893,00000765,,
1894,00000766,,
1895,00000767,,
1896,00000768,,
1897,00000769,,
1898,0000076A,,
1899,0000076B,,
1900,0000076C,,
1901,0000076D,Dummy ,DummyItem
1902,0000076E,,
1903,0000076F,,
1904,00000770,,
1905,00000771,,
1906,00000772,,
1907,00000773,,
1908,00000774,,
1909,00000775,,
1910,00000776,,
1911,00000777,,
1912,00000778,,
1913,00000779,,
1914,0000077A,,
1915,0000077B,,
1916,0000077C,,
1917,0000077D,,
1918,0000077E,,
1919,0000077F,,
1920,00000780,,
1921,00000781,,
1922,00000782,,
1923,00000783,,
1924,00000784,,
1925,00000785,,
1926,00000786,,
1927,00000787,,
1928,00000788,,
1929,00000789,,
1930,0000078A,,
1931,0000078B,,
1932,0000078C,,
1933,0000078D,,
1934,0000078E,,
1935,0000078F,,
1936,00000790,,
1937,00000791,,
1938,00000792,,
1939,00000793,,
1940,00000794,,
1941,00000795,,
1942,00000796,,
1943,00000797,,
1944,00000798,,
1945,00000799,,
1946,0000079A,,
1947,0000079B,,
1948,0000079C,,
1949,0000079D,,
1950,0000079E,,
1951,0000079F,,
1952,000007A0,,
1953,000007A1,,
1954,000007A2,,
1955,000007A3,,
1956,000007A4,,
1957,000007A5,,
1958,000007A6,,
1959,000007A7,,
1960,000007A8,,
1961,000007A9,,
1962,000007AA,,
1963,000007AB,,
1964,000007AC,,
1965,000007AD,,
1966,000007AE,,
1967,000007AF,,
1968,000007B0,,
1969,000007B1,,
1970,000007B2,,
1971,000007B3,,
1972,000007B4,,
1973,000007B5,,
1974,000007B6,,
1975,000007B7,,
1976,000007B8,,
1977,000007B9,,
1978,000007BA,,
1979,000007BB,,
1980,000007BC,,
1981,000007BD,,
1982,000007BE,,
1983,000007BF,,
1984,000007C0,,
1985,000007C1,,
1986,000007C2,,
1987,000007C3,,
1988,000007C4,,
1989,000007C5,,
1990,000007C6,,
1991,000007C7,,
1992,000007C8,,
1993,000007C9,,
1994,000007CA,,
1995,000007CB,,
1996,000007CC,,
1997,000007CD,,
1998,000007CE,,
1999,000007CF,,
2000,000007D0,,
2001,000007D1,,
2002,000007D2,,
2003,000007D3,,
2004,000007D4,,
2005,000007D5,,
2006,000007D6,,
2007,000007D7,,
2008,000007D8,,
2009,000007D9,,
2010,000007DA,,
2011,000007DB,,
2012,000007DC,,
2013,000007DD,,
2014,000007DE,,
2015,000007DF,,
2016,000007E0,,
2017,000007E1,,
2018,000007E2,,
2019,000007E3,,
2020,000007E4,,
2021,000007E5,,
2022,000007E6,,
2023,000007E7,,
2024,000007E8,,
2025,000007E9,,
2026,000007EA,,
2027,000007EB,,
2028,000007EC,,
2029,000007ED,,
2030,000007EE,,
2031,000007EF,,
2032,000007F0,,
2033,000007F1,,
2034,000007F2,,
2035,000007F3,,
2036,000007F4,,
2037,000007F5,,
2038,000007F6,,
2039,000007F7,,
2040,000007F8,,
2041,000007F9,,
2042,000007FA,,
2043,000007FB,,
2044,000007FC,,
2045,000007FD,,
2046,000007FE,,
2047,000007FF,,
2048,00000800,,
2049,00000801,,
2050,00000802,,
2051,00000803,,
2052,00000804,,
2053,00000805,,
2054,00000806,,
2055,00000807,,
2056,00000808,,
2057,00000809,,
2058,0000080A,,
2059,0000080B,,
2060,0000080C,,
2061,0000080D,,
2062,0000080E,,
2063,0000080F,,
2064,00000810,,
2065,00000811,,
2066,00000812,,
2067,00000813,,
2068,00000814,,
2069,00000815,,
2070,00000816,,
2071,00000817,,
2072,00000818,,
2073,00000819,,
2074,0000081A,,
2075,0000081B,,
2076,0000081C,,
2077,0000081D,,
2078,0000081E,,
2079,0000081F,,
2080,00000820,,
2081,00000821,,
2082,00000822,,
2083,00000823,,
2084,00000824,,
2085,00000825,,
2086,00000826,,
2087,00000827,,
2088,00000828,,
2089,00000829,,
2090,0000082A,,
2091,0000082B,,
2092,0000082C,,
2093,0000082D,,
2094,0000082E,,
2095,0000082F,,
2096,00000830,,
2097,00000831,,
2098,00000832,,
2099,00000833,,
2100,00000834,,
2101,00000835,,
2102,00000836,,
2103,00000837,,
2104,00000838,,
2105,00000839,,
2106,0000083A,,
2107,0000083B,,
2108,0000083C,,
2109,0000083D,,
2110,0000083E,,
2111,0000083F,,
2112,00000840,,
2113,00000841,,
2114,00000842,,
2115,00000843,,
2116,00000844,,
2117,00000845,,
2118,00000846,,
2119,00000847,,
2120,00000848,,
2121,00000849,,
2122,0000084A,,
2123,0000084B,,
2124,0000084C,,
2125,0000084D,,
2126,0000084E,,
2127,0000084F,,
2128,00000850,,
2129,00000851,,
2130,00000852,,
2131,00000853,,
2132,00000854,,
2133,00000855,,
2134,00000856,,
2135,00000857,,
2136,00000858,,
2137,00000859,,
2138,0000085A,,
2139,0000085B,,
2140,0000085C,,
2141,0000085D,,
2142,0000085E,,
2143,0000085F,,
2144,00000860,,
2145,00000861,,
2146,00000862,,
2147,00000863,,
2148,00000864,,
2149,00000865,,
2150,00000866,,
2151,00000867,,
2152,00000868,,
2153,00000869,,
2154,0000086A,,
2155,0000086B,,
2156,0000086C,,
2157,0000086D,,
2158,0000086E,,
2159,0000086F,,
2160,00000870,,
2161,00000871,,
2162,00000872,,
2163,00000873,,
2164,00000874,,
2165,00000875,,
2166,00000876,,
2167,00000877,,
2168,00000878,,
2169,00000879,,
2170,0000087A,,
2171,0000087B,,
2172,0000087C,,
2173,0000087D,,
2174,0000087E,,
2175,0000087F,,
2176,00000880,,
2177,00000881,,
2178,00000882,,
2179,00000883,,
2180,00000884,,
2181,00000885,,
2182,00000886,,
2183,00000887,,
2184,00000888,,
2185,00000889,,
2186,0000088A,,
2187,0000088B,,
2188,0000088C,,
2189,0000088D,,
2190,0000088E,,
2191,0000088F,,
2192,00000890,,
2193,00000891,,
2194,00000892,,
2195,00000893,,
2196,00000894,,
2197,00000895,,
2198,00000896,,
2199,00000897,,
2200,00000898,,
2201,00000899,,
2202,0000089A,,
2203,0000089B,,
2204,0000089C,,
2205,0000089D,,
2206,0000089E,,
2207,0000089F,,
2208,000008A0,,
2209,000008A1,,
2210,000008A2,,
2211,000008A3,,
2212,000008A4,,
2213,000008A5,,
2214,000008A6,,
2215,000008A7,,
2216,000008A8,,
2217,000008A9,,
2218,000008AA,,
2219,000008AB,,
2220,000008AC,,
2221,000008AD,,
2222,000008AE,,
2223,000008AF,,
2224,000008B0,,
2225,000008B1,,
2226,000008B2,,
2227,000008B3,,
2228,000008B4,,
2229,000008B5,,
2230,000008B6,,
2231,000008B7,,
2232,000008B8,,
2233,000008B9,,
2234,000008BA,,
2235,000008BB,,
2236,000008BC,,
2237,000008BD,,
2238,000008BE,,
2239,000008BF,,
2240,000008C0,,
2241,000008C1,,
2242,000008C2,,
2243,000008C3,,
2244,000008C4,,
2245,000008C5,,
2246,000008C6,,
2247,000008C7,,
2248,000008C8,,
2249,000008C9,,
2250,000008CA,,
2251,000008CB,,
2252,000008CC,,
2253,000008CD,,
2254,000008CE,,
2255,000008CF,,
2256,000008D0,,
2257,000008D1,,
2258,000008D2,,
2259,000008D3,,
2260,000008D4,,
2261,000008D5,,
2262,000008D6,,
2263,000008D7,,
2264,000008D8,,
2265,000008D9,,
2266,000008DA,,
2267,000008DB,,
2268,000008DC,,
2269,000008DD,,
2270,000008DE,,
2271,000008DF,,
2272,000008E0,,
2273,000008E1,,
2274,000008E2,,
2275,000008E3,,
2276,000008E4,,
2277,000008E5,,
2278,000008E6,,
2279,000008E7,,
2280,000008E8,,
2281,000008E9,,
2282,000008EA,,
2283,000008EB,,
2284,000008EC,,
2285,000008ED,,
2286,000008EE,,
2287,000008EF,,
2288,000008F0,,
2289,000008F1,,
2290,000008F2,,
2291,000008F3,,
2292,000008F4,,
2293,000008F5,,
2294,000008F6,,
2295,000008F7,,
2296,000008F8,,
2297,000008F9,,
2298,000008FA,,
2299,000008FB,,
2300,000008FC,,
2301,000008FD,,
2302,000008FE,,
2303,000008FF,,
2304,00000900,,
2305,00000901,,
2306,00000902,,
2307,00000903,,
2308,00000904,,
2309,00000905,,
2310,00000906,,
2311,00000907,,
2312,00000908,,
2313,00000909,,
2314,0000090A,,
2315,0000090B,,
2316,0000090C,,
2317,0000090D,,
2318,0000090E,,
2319,0000090F,,
2320,00000910,,
2321,00000911,,
2322,00000912,,
2323,00000913,,
2324,00000914,,
2325,00000915,,
2326,00000916,,
2327,00000917,,
2328,00000918,,
2329,00000919,,
2330,0000091A,,
2331,0000091B,,
2332,0000091C,,
2333,0000091D,,
2334,0000091E,,
2335,0000091F,,
2336,00000920,,
2337,00000921,,
2338,00000922,,
2339,00000923,,
2340,00000924,,
2341,00000925,,
2342,00000926,,
2343,00000927,,
2344,00000928,,
2345,00000929,,
2346,0000092A,,
2347,0000092B,,
2348,0000092C,,
2349,0000092D,,
2350,0000092E,,
2351,0000092F,,
2352,00000930,,
2353,00000931,,
2354,00000932,,
2355,00000933,,
2356,00000934,,
2357,00000935,,
2358,00000936,,
2359,00000937,,
2360,00000938,,
2361,00000939,,
2362,0000093A,,
2363,0000093B,,
2364,0000093C,,
2365,0000093D,,
2366,0000093E,,
2367,0000093F,,
2368,00000940,,
2369,00000941,,
2370,00000942,,
2371,00000943,,
2372,00000944,,
2373,00000945,,
2374,00000946,,
2375,00000947,,
2376,00000948,,
2377,00000949,,
2378,0000094A,,
2379,0000094B,,
2380,0000094C,,
2381,0000094D,,
2382,0000094E,,
2383,0000094F,,
2384,00000950,,
2385,00000951,,
2386,00000952,,
2387,00000953,,
2388,00000954,,
2389,00000955,,
2390,00000956,,
2391,00000957,,
2392,00000958,,
2393,00000959,,
2394,0000095A,,
2395,0000095B,,
2396,0000095C,,
2397,0000095D,,
2398,0000095E,,
2399,0000095F,,
2400,00000960,,
2401,00000961,,
2402,00000962,,
2403,00000963,,
2404,00000964,,
2405,00000965,,
2406,00000966,,
2407,00000967,,
2408,00000968,,
2409,00000969,,
2410,0000096A,,
2411,0000096B,,
2412,0000096C,,
2413,0000096D,,
2414,0000096E,,
2415,0000096F,,
2416,00000970,,
2417,00000971,,
2418,00000972,,
2419,00000973,,
2420,00000974,,
2421,00000975,,
2422,00000976,,
2423,00000977,,
2424,00000978,,
2425,00000979,,
2426,0000097A,,
2427,0000097B,,
2428,0000097C,,
2429,0000097D,,
2430,0000097E,,
2431,0000097F,,
2432,00000980,,
2433,00000981,,
2434,00000982,,
2435,00000983,,
2436,00000984,,
2437,00000985,,
2438,00000986,,
2439,00000987,,
2440,00000988,,
2441,00000989,,
2442,0000098A,,
2443,0000098B,,
2444,0000098C,,
2445,0000098D,,
2446,0000098E,,
2447,0000098F,,
2448,00000990,,
2449,00000991,,
2450,00000992,,
2451,00000993,,
2452,00000994,,
2453,00000995,,
2454,00000996,,
2455,00000997,,
2456,00000998,,
2457,00000999,,
2458,0000099A,,
2459,0000099B,,
2460,0000099C,,
2461,0000099D,,
2462,0000099E,,
2463,0000099F,,
2464,000009A0,,
2465,000009A1,,
2466,000009A2,,
2467,000009A3,,
2468,000009A4,,
2469,000009A5,,
2470,000009A6,,
2471,000009A7,,
2472,000009A8,,
2473,000009A9,,
2474,000009AA,,
2475,000009AB,,
2476,000009AC,,
2477,000009AD,,
2478,000009AE,,
2479,000009AF,,
2480,000009B0,,
2481,000009B1,,
2482,000009B2,,
2483,000009B3,,
2484,000009B4,,
2485,000009B5,,
2486,000009B6,,
2487,000009B7,,
2488,000009B8,,
2489,000009B9,,
2490,000009BA,,
2491,000009BB,,
2492,000009BC,,
2493,000009BD,,
2494,000009BE,,
2495,000009BF,,
2496,000009C0,,
2497,000009C1,,
2498,000009C2,,
2499,000009C3,,
2500,000009C4,,
2501,000009C5,,
2502,000009C6,,
2503,000009C7,,
2504,000009C8,,
2505,000009C9,,
2506,000009CA,,
2507,000009CB,,
2508,000009CC,,
2509,000009CD,,
2510,000009CE,,
2511,000009CF,,
2512,000009D0,,
2513,000009D1,,
2514,000009D2,,
2515,000009D3,,
2516,000009D4,,
2517,000009D5,,
2518,000009D6,,
2519,000009D7,,
2520,000009D8,,
2521,000009D9,,
2522,000009DA,,
2523,000009DB,,
2524,000009DC,,
2525,000009DD,,
2526,000009DE,,
2527,000009DF,,
2528,000009E0,,
2529,000009E1,,
2530,000009E2,,
2531,000009E3,,
2532,000009E4,,
2533,000009E5,,
2534,000009E6,,
2535,000009E7,,
2536,000009E8,,
2537,000009E9,,
2538,000009EA,,
2539,000009EB,,
2540,000009EC,,
2541,000009ED,,
2542,000009EE,,
2543,000009EF,,
2544,000009F0,,
2545,000009F1,,
2546,000009F2,,
2547,000009F3,,
2548,000009F4,,
2549,000009F5,,
2550,000009F6,,
2551,000009F7,,
2552,000009F8,,
2553,000009F9,,
2554,000009FA,,
2555,000009FB,,
2556,000009FC,,
2557,000009FD,,
2558,000009FE,,
2559,000009FF,,
2560,00000A00,,
2561,00000A01,,
2562,00000A02,,
2563,00000A03,,
2564,00000A04,,
2565,00000A05,,
2566,00000A06,,
2567,00000A07,,
2568,00000A08,,
2569,00000A09,,
2570,00000A0A,,
2571,00000A0B,,
2572,00000A0C,,
2573,00000A0D,,
2574,00000A0E,,
2575,00000A0F,,
2576,00000A10,,
2577,00000A11,,
2578,00000A12,,
2579,00000A13,,
2580,00000A14,,
2581,00000A15,,
2582,00000A16,,
2583,00000A17,,
2584,00000A18,,
2585,00000A19,,
2586,00000A1A,,
2587,00000A1B,,
2588,00000A1C,,
2589,00000A1D,,
2590,00000A1E,,
2591,00000A1F,,
2592,00000A20,,
2593,00000A21,,
2594,00000A22,,
2595,00000A23,,
2596,00000A24,,
2597,00000A25,,
2598,00000A26,,
2599,00000A27,,
2600,00000A28,,
2601,00000A29,,
2602,00000A2A,,
2603,00000A2B,,
2604,00000A2C,,
2605,00000A2D,,
2606,00000A2E,,
2607,00000A2F,,
2608,00000A30,,
2609,00000A31,,
2610,00000A32,,
2611,00000A33,,
2612,00000A34,,
2613,00000A35,,
2614,00000A36,,
2615,00000A37,,
2616,00000A38,,
2617,00000A39,,
2618,00000A3A,,
2619,00000A3B,,
2620,00000A3C,,
2621,00000A3D,,
2622,00000A3E,,
2623,00000A3F,,
2624,00000A40,,
2625,00000A41,,
2626,00000A42,,
2627,00000A43,,
2628,00000A44,,
2629,00000A45,,
2630,00000A46,,
2631,00000A47,,
2632,00000A48,,
2633,00000A49,,
2634,00000A4A,,
2635,00000A4B,,
2636,00000A4C,,
2637,00000A4D,,
2638,00000A4E,,
2639,00000A4F,,
2640,00000A50,,
2641,00000A51,,
2642,00000A52,,
2643,00000A53,,
2644,00000A54,,
2645,00000A55,,
2646,00000A56,,
2647,00000A57,,
2648,00000A58,,
2649,00000A59,,
2650,00000A5A,,
2651,00000A5B,,
2652,00000A5C,,
2653,00000A5D,,
2654,00000A5E,,
2655,00000A5F,,
2656,00000A60,,
2657,00000A61,,
2658,00000A62,,
2659,00000A63,,
2660,00000A64,,
2661,00000A65,,
2662,00000A66,,
2663,00000A67,,
2664,00000A68,,
2665,00000A69,,
2666,00000A6A,,
2667,00000A6B,,
2668,00000A6C,,
2669,00000A6D,,
2670,00000A6E,,
2671,00000A6F,,
2672,00000A70,,
2673,00000A71,,
2674,00000A72,,
2675,00000A73,,
2676,00000A74,,
2677,00000A75,,
2678,00000A76,,
2679,00000A77,,
2680,00000A78,,
2681,00000A79,,
2682,00000A7A,,
2683,00000A7B,,
2684,00000A7C,,
2685,00000A7D,,
2686,00000A7E,,
2687,00000A7F,,
2688,00000A80,,
2689,00000A81,,
2690,00000A82,,
2691,00000A83,,
2692,00000A84,,
2693,00000A85,,
2694,00000A86,,
2695,00000A87,,
2696,00000A88,,
2697,00000A89,,
2698,00000A8A,,
2699,00000A8B,,
2700,00000A8C,,
2701,00000A8D,,
2702,00000A8E,,
2703,00000A8F,,
2704,00000A90,,
2705,00000A91,,
2706,00000A92,,
2707,00000A93,,
2708,00000A94,,
2709,00000A95,,
2710,00000A96,,
2711,00000A97,,
2712,00000A98,,
2713,00000A99,,
2714,00000A9A,,
2715,00000A9B,,
2716,00000A9C,,
2717,00000A9D,,
2718,00000A9E,,
2719,00000A9F,,
2720,00000AA0,,
2721,00000AA1,,
2722,00000AA2,,
2723,00000AA3,,
2724,00000AA4,,
2725,00000AA5,,
2726,00000AA6,,
2727,00000AA7,,
2728,00000AA8,,
2729,00000AA9,,
2730,00000AAA,,
2731,00000AAB,,
2732,00000AAC,,
2733,00000AAD,,
2734,00000AAE,,
2735,00000AAF,,
2736,00000AB0,,
2737,00000AB1,,
2738,00000AB2,,
2739,00000AB3,,
2740,00000AB4,,
2741,00000AB5,,
2742,00000AB6,,
2743,00000AB7,,
2744,00000AB8,,
2745,00000AB9,,
2746,00000ABA,,
2747,00000ABB,,
2748,00000ABC,,
2749,00000ABD,,
2750,00000ABE,,
2751,00000ABF,,
2752,00000AC0,,
2753,00000AC1,,
2754,00000AC2,,
2755,00000AC3,,
2756,00000AC4,,
2757,00000AC5,,
2758,00000AC6,,
2759,00000AC7,,
2760,00000AC8,,
2761,00000AC9,,
2762,00000ACA,,
2763,00000ACB,,
2764,00000ACC,,
2765,00000ACD,,
2766,00000ACE,,
2767,00000ACF,,
2768,00000AD0,,
2769,00000AD1,,
2770,00000AD2,,
2771,00000AD3,,
2772,00000AD4,,
2773,00000AD5,,
2774,00000AD6,,
2775,00000AD7,,
2776,00000AD8,,
2777,00000AD9,,
2778,00000ADA,,
2779,00000ADB,,
2780,00000ADC,,
2781,00000ADD,,
2782,00000ADE,,
2783,00000ADF,,
2784,00000AE0,,
2785,00000AE1,,
2786,00000AE2,,
2787,00000AE3,,
2788,00000AE4,,
2789,00000AE5,,
2790,00000AE6,,
2791,00000AE7,,
2792,00000AE8,,
2793,00000AE9,,
2794,00000AEA,,
2795,00000AEB,,
2796,00000AEC,,
2797,00000AED,,
2798,00000AEE,,
2799,00000AEF,,
2800,00000AF0,,
2801,00000AF1,,
2802,00000AF2,,
2803,00000AF3,,
2804,00000AF4,,
2805,00000AF5,,
2806,00000AF6,,
2807,00000AF7,,
2808,00000AF8,,
2809,00000AF9,,
2810,00000AFA,,
2811,00000AFB,,
2812,00000AFC,,
2813,00000AFD,,
2814,00000AFE,,
2815,00000AFF,,
2816,00000B00,,
2817,00000B01,,
2818,00000B02,,
2819,00000B03,,
2820,00000B04,,
2821,00000B05,,
2822,00000B06,,
2823,00000B07,,
2824,00000B08,,
2825,00000B09,,
2826,00000B0A,,
2827,00000B0B,,
2828,00000B0C,,
2829,00000B0D,,
2830,00000B0E,,
2831,00000B0F,,
2832,00000B10,,
2833,00000B11,,
2834,00000B12,,
2835,00000B13,,
2836,00000B14,,
2837,00000B15,,
2838,00000B16,,
2839,00000B17,,
2840,00000B18,,
2841,00000B19,,
2842,00000B1A,,
2843,00000B1B,,
2844,00000B1C,,
2845,00000B1D,,
2846,00000B1E,,
2847,00000B1F,,
2848,00000B20,,
2849,00000B21,,
2850,00000B22,,
2851,00000B23,,
2852,00000B24,,
2853,00000B25,,
2854,00000B26,,
2855,00000B27,,
2856,00000B28,,
2857,00000B29,,
2858,00000B2A,,
2859,00000B2B,,
2860,00000B2C,,
2861,00000B2D,,
2862,00000B2E,,
2863,00000B2F,,
2864,00000B30,,
2865,00000B31,,
2866,00000B32,,
2867,00000B33,,
2868,00000B34,,
2869,00000B35,,
2870,00000B36,,
2871,00000B37,,
2872,00000B38,,
2873,00000B39,,
2874,00000B3A,,
2875,00000B3B,,
2876,00000B3C,,
2877,00000B3D,,
2878,00000B3E,,
2879,00000B3F,,
2880,00000B40,,
2881,00000B41,,
2882,00000B42,,
2883,00000B43,,
2884,00000B44,,
2885,00000B45,,
2886,00000B46,,
2887,00000B47,,
2888,00000B48,,
2889,00000B49,,
2890,00000B4A,,
2891,00000B4B,,
2892,00000B4C,,
2893,00000B4D,,
2894,00000B4E,,
2895,00000B4F,,
2896,00000B50,,
2897,00000B51,,
2898,00000B52,,
2899,00000B53,,
2900,00000B54,,
2901,00000B55,,
2902,00000B56,,
2903,00000B57,,
2904,00000B58,,
2905,00000B59,,
2906,00000B5A,,
2907,00000B5B,,
2908,00000B5C,,
2909,00000B5D,,
2910,00000B5E,,
2911,00000B5F,,
2912,00000B60,,
2913,00000B61,,
2914,00000B62,,
2915,00000B63,,
2916,00000B64,,
2917,00000B65,,
2918,00000B66,,
2919,00000B67,,
2920,00000B68,,
2921,00000B69,,
2922,00000B6A,,
2923,00000B6B,,
2924,00000B6C,,
2925,00000B6D,,
2926,00000B6E,,
2927,00000B6F,,
2928,00000B70,,
2929,00000B71,,
2930,00000B72,,
2931,00000B73,,
2932,00000B74,,
2933,00000B75,,
2934,00000B76,,
2935,00000B77,,
2936,00000B78,,
2937,00000B79,,
2938,00000B7A,,
2939,00000B7B,,
2940,00000B7C,,
2941,00000B7D,,
2942,00000B7E,,
2943,00000B7F,,
2944,00000B80,,
2945,00000B81,,
2946,00000B82,,
2947,00000B83,,
2948,00000B84,,
2949,00000B85,,
2950,00000B86,,
2951,00000B87,,
2952,00000B88,,
2953,00000B89,,
2954,00000B8A,,
2955,00000B8B,,
2956,00000B8C,,
2957,00000B8D,,
2958,00000B8E,,
2959,00000B8F,,
2960,00000B90,,
2961,00000B91,,
2962,00000B92,,
2963,00000B93,,
2964,00000B94,,
2965,00000B95,,
2966,00000B96,,
2967,00000B97,,
2968,00000B98,,
2969,00000B99,,
2970,00000B9A,,
2971,00000B9B,,
2972,00000B9C,,
2973,00000B9D,,
2974,00000B9E,,
2975,00000B9F,,
2976,00000BA0,,
2977,00000BA1,,
2978,00000BA2,,
2979,00000BA3,,
2980,00000BA4,,
2981,00000BA5,,
2982,00000BA6,,
2983,00000BA7,,
2984,00000BA8,,
2985,00000BA9,,
2986,00000BAA,,
2987,00000BAB,,
2988,00000BAC,,
2989,00000BAD,,
2990,00000BAE,,
2991,00000BAF,,
2992,00000BB0,,
2993,00000BB1,,
2994,00000BB2,,
2995,00000BB3,,
2996,00000BB4,,
2997,00000BB5,,
2998,00000BB6,,
2999,00000BB7,,
3000,00000BB8,,
3001,00000BB9,,
3002,00000BBA,,
3003,00000BBB,,
3004,00000BBC,,
3005,00000BBD,,
3006,00000BBE,,
3007,00000BBF,,
3008,00000BC0,,
3009,00000BC1,,
3010,00000BC2,,
3011,00000BC3,,
3012,00000BC4,,
3013,00000BC5,,
3014,00000BC6,,
3015,00000BC7,,
3016,00000BC8,,
3017,00000BC9,,
3018,00000BCA,,
3019,00000BCB,,
3020,00000BCC,,
3021,00000BCD,,
3022,00000BCE,,
3023,00000BCF,,
3024,00000BD0,,
3025,00000BD1,,
3026,00000BD2,,
3027,00000BD3,,
3028,00000BD4,,
3029,00000BD5,,
3030,00000BD6,,
3031,00000BD7,,
3032,00000BD8,,
3033,00000BD9,,
3034,00000BDA,,
3035,00000BDB,,
3036,00000BDC,,
3037,00000BDD,,
3038,00000BDE,,
3039,00000BDF,,
3040,00000BE0,,
3041,00000BE1,,
3042,00000BE2,,
3043,00000BE3,,
3044,00000BE4,,
3045,00000BE5,,
3046,00000BE6,,
3047,00000BE7,,
3048,00000BE8,,
3049,00000BE9,,
3050,00000BEA,,
3051,00000BEB,,
3052,00000BEC,,
3053,00000BED,,
3054,00000BEE,,
3055,00000BEF,,
3056,00000BF0,,
3057,00000BF1,,
3058,00000BF2,,
3059,00000BF3,,
3060,00000BF4,,
3061,00000BF5,,
3062,00000BF6,,
3063,00000BF7,,
3064,00000BF8,,
3065,00000BF9,,
3066,00000BFA,,
3067,00000BFB,,
3068,00000BFC,,
3069,00000BFD,,
3070,00000BFE,,
3071,00000BFF,,
3072,00000C00,,
3073,00000C01,,
3074,00000C02,,
3075,00000C03,,
3076,00000C04,,
3077,00000C05,,
3078,00000C06,,
3079,00000C07,,
3080,00000C08,,
3081,00000C09,,
3082,00000C0A,,
3083,00000C0B,,
3084,00000C0C,,
3085,00000C0D,,
3086,00000C0E,,
3087,00000C0F,,
3088,00000C10,,
3089,00000C11,,
3090,00000C12,,
3091,00000C13,,
3092,00000C14,,
3093,00000C15,,
3094,00000C16,,
3095,00000C17,,
3096,00000C18,,
3097,00000C19,,
3098,00000C1A,,
3099,00000C1B,,
3100,00000C1C,,
3101,00000C1D,,
3102,00000C1E,,
3103,00000C1F,,
3104,00000C20,,
3105,00000C21,,
3106,00000C22,,
3107,00000C23,,
3108,00000C24,,
3109,00000C25,,
3110,00000C26,,
3111,00000C27,,
3112,00000C28,,
3113,00000C29,,
3114,00000C2A,,
3115,00000C2B,,
3116,00000C2C,,
3117,00000C2D,,
3118,00000C2E,,
3119,00000C2F,,
3120,00000C30,,
3121,00000C31,,
3122,00000C32,,
3123,00000C33,,
3124,00000C34,,
3125,00000C35,,
3126,00000C36,,
3127,00000C37,,
3128,00000C38,,
3129,00000C39,,
3130,00000C3A,,
3131,00000C3B,,
3132,00000C3C,,
3133,00000C3D,,
3134,00000C3E,,
3135,00000C3F,,
3136,00000C40,,
3137,00000C41,,
3138,00000C42,,
3139,00000C43,,
3140,00000C44,,
3141,00000C45,,
3142,00000C46,,
3143,00000C47,,
3144,00000C48,,
3145,00000C49,,
3146,00000C4A,,
3147,00000C4B,,
3148,00000C4C,,
3149,00000C4D,,
3150,00000C4E,,
3151,00000C4F,,
3152,00000C50,,
3153,00000C51,,
3154,00000C52,,
3155,00000C53,,
3156,00000C54,,
3157,00000C55,,
3158,00000C56,,
3159,00000C57,,
3160,00000C58,,
3161,00000C59,,
3162,00000C5A,,
3163,00000C5B,,
3164,00000C5C,,
3165,00000C5D,,
3166,00000C5E,,
3167,00000C5F,,
3168,00000C60,,
3169,00000C61,,
3170,00000C62,,
3171,00000C63,,
3172,00000C64,,
3173,00000C65,,
3174,00000C66,,
3175,00000C67,,
3176,00000C68,,
3177,00000C69,,
3178,00000C6A,,
3179,00000C6B,,
3180,00000C6C,,
3181,00000C6D,,
3182,00000C6E,,
3183,00000C6F,,
3184,00000C70,,
3185,00000C71,,
3186,00000C72,,
3187,00000C73,,
3188,00000C74,,
3189,00000C75,,
3190,00000C76,,
3191,00000C77,,
3192,00000C78,,
3193,00000C79,,
3194,00000C7A,,
3195,00000C7B,,
3196,00000C7C,,
3197,00000C7D,,
3198,00000C7E,,
3199,00000C7F,,
3200,00000C80,,
3201,00000C81,,
3202,00000C82,,
3203,00000C83,,
3204,00000C84,,
3205,00000C85,,
3206,00000C86,,
3207,00000C87,,
3208,00000C88,,
3209,00000C89,,
3210,00000C8A,,
3211,00000C8B,,
3212,00000C8C,,
3213,00000C8D,,
3214,00000C8E,,
3215,00000C8F,,
3216,00000C90,,
3217,00000C91,,
3218,00000C92,,
3219,00000C93,,
3220,00000C94,,
3221,00000C95,,
3222,00000C96,,
3223,00000C97,,
3224,00000C98,,
3225,00000C99,,
3226,00000C9A,,
3227,00000C9B,,
3228,00000C9C,,
3229,00000C9D,,
3230,00000C9E,,
3231,00000C9F,,
3232,00000CA0,,
3233,00000CA1,,
3234,00000CA2,,
3235,00000CA3,,
3236,00000CA4,,
3237,00000CA5,,
3238,00000CA6,,
3239,00000CA7,,
3240,00000CA8,,
3241,00000CA9,,
3242,00000CAA,,
3243,00000CAB,,
3244,00000CAC,,
3245,00000CAD,,
3246,00000CAE,,
3247,00000CAF,,
3248,00000CB0,,
3249,00000CB1,,
3250,00000CB2,,
3251,00000CB3,,
3252,00000CB4,,
3253,00000CB5,,
3254,00000CB6,,
3255,00000CB7,,
3256,00000CB8,,
3257,00000CB9,,
3258,00000CBA,,
3259,00000CBB,,
3260,00000CBC,,
3261,00000CBD,,
3262,00000CBE,,
3263,00000CBF,,
3264,00000CC0,,
3265,00000CC1,,
3266,00000CC2,,
3267,00000CC3,,
3268,00000CC4,,
3269,00000CC5,,
3270,00000CC6,,
3271,00000CC7,,
3272,00000CC8,,
3273,00000CC9,,
3274,00000CCA,,
3275,00000CCB,,
3276,00000CCC,,
3277,00000CCD,,
3278,00000CCE,,
3279,00000CCF,,
3280,00000CD0,,
3281,00000CD1,,
3282,00000CD2,,
3283,00000CD3,,
3284,00000CD4,,
3285,00000CD5,,
3286,00000CD6,,
3287,00000CD7,,
3288,00000CD8,,
3289,00000CD9,,
3290,00000CDA,,
3291,00000CDB,,
3292,00000CDC,,
3293,00000CDD,,
3294,00000CDE,,
3295,00000CDF,,
3296,00000CE0,,
3297,00000CE1,,
3298,00000CE2,,
3299,00000CE3,,
3300,00000CE4,,
3301,00000CE5,,
3302,00000CE6,,
3303,00000CE7,,
3304,00000CE8,,
3305,00000CE9,,
3306,00000CEA,,
3307,00000CEB,,
3308,00000CEC,,
3309,00000CED,,
3310,00000CEE,,
3311,00000CEF,,
3312,00000CF0,,
3313,00000CF1,,
3314,00000CF2,,
3315,00000CF3,,
3316,00000CF4,,
3317,00000CF5,,
3318,00000CF6,,
3319,00000CF7,,
3320,00000CF8,,
3321,00000CF9,,
3322,00000CFA,,
3323,00000CFB,,
3324,00000CFC,,
3325,00000CFD,,
3326,00000CFE,,
3327,00000CFF,,
3328,00000D00,,
3329,00000D01,,
3330,00000D02,,
3331,00000D03,,
3332,00000D04,,
3333,00000D05,,
3334,00000D06,,
3335,00000D07,,
3336,00000D08,,
3337,00000D09,,
3338,00000D0A,,
3339,00000D0B,,
3340,00000D0C,,
3341,00000D0D,,
3342,00000D0E,,
3343,00000D0F,,
3344,00000D10,,
3345,00000D11,,
3346,00000D12,,
3347,00000D13,,
3348,00000D14,,
3349,00000D15,,
3350,00000D16,,
3351,00000D17,,
3352,00000D18,,
3353,00000D19,,
3354,00000D1A,,
3355,00000D1B,,
3356,00000D1C,,
3357,00000D1D,,
3358,00000D1E,,
3359,00000D1F,,
3360,00000D20,,
3361,00000D21,,
3362,00000D22,,
3363,00000D23,,
3364,00000D24,,
3365,00000D25,,
3366,00000D26,,
3367,00000D27,,
3368,00000D28,,
3369,00000D29,,
3370,00000D2A,,
3371,00000D2B,,
3372,00000D2C,,
3373,00000D2D,,
3374,00000D2E,,
3375,00000D2F,,
3376,00000D30,,
3377,00000D31,,
3378,00000D32,,
3379,00000D33,,
3380,00000D34,,
3381,00000D35,,
3382,00000D36,,
3383,00000D37,,
3384,00000D38,,
3385,00000D39,,
3386,00000D3A,,
3387,00000D3B,,
3388,00000D3C,,
3389,00000D3D,,
3390,00000D3E,,
3391,00000D3F,,
3392,00000D40,,
3393,00000D41,,
3394,00000D42,,
3395,00000D43,,
3396,00000D44,,
3397,00000D45,,
3398,00000D46,,
3399,00000D47,,
3400,00000D48,,
3401,00000D49,,
3402,00000D4A,,
3403,00000D4B,,
3404,00000D4C,,
3405,00000D4D,,
3406,00000D4E,,
3407,00000D4F,,
3408,00000D50,,
3409,00000D51,,
3410,00000D52,,
3411,00000D53,,
3412,00000D54,,
3413,00000D55,,
3414,00000D56,,
3415,00000D57,,
3416,00000D58,,
3417,00000D59,,
3418,00000D5A,,
3419,00000D5B,,
3420,00000D5C,,
3421,00000D5D,,
3422,00000D5E,,
3423,00000D5F,,
3424,00000D60,,
3425,00000D61,,
3426,00000D62,,
3427,00000D63,,
3428,00000D64,,
3429,00000D65,,
3430,00000D66,,
3431,00000D67,,
3432,00000D68,,
3433,00000D69,,
3434,00000D6A,,
3435,00000D6B,,
3436,00000D6C,,
3437,00000D6D,,
3438,00000D6E,,
3439,00000D6F,,
3440,00000D70,,
3441,00000D71,,
3442,00000D72,,
3443,00000D73,,
3444,00000D74,,
3445,00000D75,,
3446,00000D76,,
3447,00000D77,,
3448,00000D78,,
3449,00000D79,,
3450,00000D7A,,
3451,00000D7B,,
3452,00000D7C,,
3453,00000D7D,,
3454,00000D7E,,
3455,00000D7F,,
3456,00000D80,,
3457,00000D81,,
3458,00000D82,,
3459,00000D83,,
3460,00000D84,,
3461,00000D85,,
3462,00000D86,,
3463,00000D87,,
3464,00000D88,,
3465,00000D89,,
3466,00000D8A,,
3467,00000D8B,,
3468,00000D8C,,
3469,00000D8D,,
3470,00000D8E,,
3471,00000D8F,,
3472,00000D90,,
3473,00000D91,,
3474,00000D92,,
3475,00000D93,,
3476,00000D94,,
3477,00000D95,,
3478,00000D96,,
3479,00000D97,,
3480,00000D98,,
3481,00000D99,,
3482,00000D9A,,
3483,00000D9B,,
3484,00000D9C,,
3485,00000D9D,,
3486,00000D9E,,
3487,00000D9F,,
3488,00000DA0,,
3489,00000DA1,,
3490,00000DA2,,
3491,00000DA3,,
3492,00000DA4,,
3493,00000DA5,,
3494,00000DA6,,
3495,00000DA7,,
3496,00000DA8,,
3497,00000DA9,,
3498,00000DAA,,
3499,00000DAB,,
3500,00000DAC,,
3501,00000DAD,,
3502,00000DAE,,
3503,00000DAF,,
3504,00000DB0,,
3505,00000DB1,,
3506,00000DB2,,
3507,00000DB3,,
3508,00000DB4,,
3509,00000DB5,,
3510,00000DB6,,
3511,00000DB7,,
3512,00000DB8,,
3513,00000DB9,,
3514,00000DBA,,
3515,00000DBB,,
3516,00000DBC,,
3517,00000DBD,,
3518,00000DBE,,
3519,00000DBF,,
3520,00000DC0,,
3521,00000DC1,,
3522,00000DC2,,
3523,00000DC3,,
3524,00000DC4,,
3525,00000DC5,,
3526,00000DC6,,
3527,00000DC7,,
3528,00000DC8,,
3529,00000DC9,,
3530,00000DCA,,
3531,00000DCB,,
3532,00000DCC,,
3533,00000DCD,,
3534,00000DCE,,
3535,00000DCF,,
3536,00000DD0,,
3537,00000DD1,,
3538,00000DD2,,
3539,00000DD3,,
3540,00000DD4,,
3541,00000DD5,,
3542,00000DD6,,
3543,00000DD7,,
3544,00000DD8,,
3545,00000DD9,,
3546,00000DDA,,
3547,00000DDB,,
3548,00000DDC,,
3549,00000DDD,,
3550,00000DDE,,
3551,00000DDF,,
3552,00000DE0,,
3553,00000DE1,,
3554,00000DE2,,
3555,00000DE3,,
3556,00000DE4,,
3557,00000DE5,,
3558,00000DE6,,
3559,00000DE7,,
3560,00000DE8,,
3561,00000DE9,,
3562,00000DEA,,
3563,00000DEB,,
3564,00000DEC,,
3565,00000DED,,
3566,00000DEE,,
3567,00000DEF,,
3568,00000DF0,,
3569,00000DF1,,
3570,00000DF2,,
3571,00000DF3,,
3572,00000DF4,,
3573,00000DF5,,
3574,00000DF6,,
3575,00000DF7,,
3576,00000DF8,,
3577,00000DF9,,
3578,00000DFA,,
3579,00000DFB,,
3580,00000DFC,,
3581,00000DFD,,
3582,00000DFE,,
3583,00000DFF,,
3584,00000E00,,
3585,00000E01,,
3586,00000E02,,
3587,00000E03,,
3588,00000E04,,
3589,00000E05,,
3590,00000E06,,
3591,00000E07,,
3592,00000E08,,
3593,00000E09,,
3594,00000E0A,,
3595,00000E0B,,
3596,00000E0C,,
3597,00000E0D,,
3598,00000E0E,,
3599,00000E0F,,
3600,00000E10,,
3601,00000E11,,
3602,00000E12,,
3603,00000E13,,
3604,00000E14,,
3605,00000E15,,
3606,00000E16,,
3607,00000E17,,
3608,00000E18,,
3609,00000E19,,
3610,00000E1A,,
3611,00000E1B,,
3612,00000E1C,,
3613,00000E1D,,
3614,00000E1E,,
3615,00000E1F,,
3616,00000E20,,
3617,00000E21,,
3618,00000E22,,
3619,00000E23,,
3620,00000E24,,
3621,00000E25,,
3622,00000E26,,
3623,00000E27,,
3624,00000E28,,
3625,00000E29,,
3626,00000E2A,,
3627,00000E2B,,
3628,00000E2C,,
3629,00000E2D,,
3630,00000E2E,,
3631,00000E2F,,
3632,00000E30,,
3633,00000E31,,
3634,00000E32,,
3635,00000E33,,
3636,00000E34,,
3637,00000E35,,
3638,00000E36,,
3639,00000E37,,
3640,00000E38,,
3641,00000E39,,
3642,00000E3A,,
3643,00000E3B,,
3644,00000E3C,,
3645,00000E3D,,
3646,00000E3E,,
3647,00000E3F,,
3648,00000E40,,
3649,00000E41,,
3650,00000E42,,
3651,00000E43,,
3652,00000E44,,
3653,00000E45,,
3654,00000E46,,
3655,00000E47,,
3656,00000E48,,
3657,00000E49,,
3658,00000E4A,,
3659,00000E4B,,
3660,00000E4C,,
3661,00000E4D,,
3662,00000E4E,,
3663,00000E4F,,
3664,00000E50,,
3665,00000E51,,
3666,00000E52,,
3667,00000E53,,
3668,00000E54,,
3669,00000E55,,
3670,00000E56,,
3671,00000E57,,
3672,00000E58,,
3673,00000E59,,
3674,00000E5A,,
3675,00000E5B,,
3676,00000E5C,,
3677,00000E5D,,
3678,00000E5E,,
3679,00000E5F,,
3680,00000E60,,
3681,00000E61,,
3682,00000E62,,
3683,00000E63,,
3684,00000E64,,
3685,00000E65,,
3686,00000E66,,
3687,00000E67,,
3688,00000E68,,
3689,00000E69,,
3690,00000E6A,,
3691,00000E6B,,
3692,00000E6C,,
3693,00000E6D,,
3694,00000E6E,,
3695,00000E6F,,
3696,00000E70,,
3697,00000E71,,
3698,00000E72,,
3699,00000E73,,
3700,00000E74,,
3701,00000E75,,
3702,00000E76,,
3703,00000E77,,
3704,00000E78,,
3705,00000E79,,
3706,00000E7A,,
3707,00000E7B,,
3708,00000E7C,,
3709,00000E7D,,
3710,00000E7E,,
3711,00000E7F,,
3712,00000E80,,
3713,00000E81,,
3714,00000E82,,
3715,00000E83,,
3716,00000E84,,
3717,00000E85,,
3718,00000E86,,
3719,00000E87,,
3720,00000E88,,
3721,00000E89,,
3722,00000E8A,,
3723,00000E8B,,
3724,00000E8C,,
3725,00000E8D,,
3726,00000E8E,,
3727,00000E8F,,
3728,00000E90,,
3729,00000E91,,
3730,00000E92,,
3731,00000E93,,
3732,00000E94,,
3733,00000E95,,
3734,00000E96,,
3735,00000E97,,
3736,00000E98,,
3737,00000E99,,
3738,00000E9A,,
3739,00000E9B,,
3740,00000E9C,,
3741,00000E9D,,
3742,00000E9E,,
3743,00000E9F,,
3744,00000EA0,,
3745,00000EA1,,
3746,00000EA2,,
3747,00000EA3,,
3748,00000EA4,,
3749,00000EA5,,
3750,00000EA6,,
3751,00000EA7,,
3752,00000EA8,,
3753,00000EA9,,
3754,00000EAA,,
3755,00000EAB,,
3756,00000EAC,,
3757,00000EAD,,
3758,00000EAE,,
3759,00000EAF,,
3760,00000EB0,,
3761,00000EB1,,
3762,00000EB2,,
3763,00000EB3,,
3764,00000EB4,,
3765,00000EB5,,
3766,00000EB6,,
3767,00000EB7,,
3768,00000EB8,,
3769,00000EB9,,
3770,00000EBA,,
3771,00000EBB,,
3772,00000EBC,,
3773,00000EBD,,
3774,00000EBE,,
3775,00000EBF,,
3776,00000EC0,,
3777,00000EC1,,
3778,00000EC2,,
3779,00000EC3,,
3780,00000EC4,,
3781,00000EC5,,
3782,00000EC6,,
3783,00000EC7,,
3784,00000EC8,,
3785,00000EC9,,
3786,00000ECA,,
3787,00000ECB,,
3788,00000ECC,,
3789,00000ECD,,
3790,00000ECE,,
3791,00000ECF,,
3792,00000ED0,,
3793,00000ED1,,
3794,00000ED2,,
3795,00000ED3,,
3796,00000ED4,,
3797,00000ED5,,
3798,00000ED6,,
3799,00000ED7,,
3800,00000ED8,,
3801,00000ED9,,
3802,00000EDA,,
3803,00000EDB,,
3804,00000EDC,,
3805,00000EDD,,
3806,00000EDE,,
3807,00000EDF,,
3808,00000EE0,,
3809,00000EE1,,
3810,00000EE2,,
3811,00000EE3,,
3812,00000EE4,,
3813,00000EE5,,
3814,00000EE6,,
3815,00000EE7,,
3816,00000EE8,,
3817,00000EE9,,
3818,00000EEA,,
3819,00000EEB,,
3820,00000EEC,,
3821,00000EED,,
3822,00000EEE,,
3823,00000EEF,,
3824,00000EF0,,
3825,00000EF1,,
3826,00000EF2,,
3827,00000EF3,,
3828,00000EF4,,
3829,00000EF5,,
3830,00000EF6,,
3831,00000EF7,,
3832,00000EF8,,
3833,00000EF9,,
3834,00000EFA,,
3835,00000EFB,,
3836,00000EFC,,
3837,00000EFD,,
3838,00000EFE,,
3839,00000EFF,,
3840,00000F00,,
3841,00000F01,,
3842,00000F02,,
3843,00000F03,,
3844,00000F04,,
3845,00000F05,,
3846,00000F06,,
3847,00000F07,,
3848,00000F08,,
3849,00000F09,,
3850,00000F0A,,
3851,00000F0B,,
3852,00000F0C,,
3853,00000F0D,,
3854,00000F0E,,
3855,00000F0F,,
3856,00000F10,,
3857,00000F11,,
3858,00000F12,,
3859,00000F13,,
3860,00000F14,,
3861,00000F15,,
3862,00000F16,,
3863,00000F17,,
3864,00000F18,,
3865,00000F19,,
3866,00000F1A,,
3867,00000F1B,,
3868,00000F1C,,
3869,00000F1D,,
3870,00000F1E,,
3871,00000F1F,,
3872,00000F20,,
3873,00000F21,,
3874,00000F22,,
3875,00000F23,,
3876,00000F24,,
3877,00000F25,,
3878,00000F26,,
3879,00000F27,,
3880,00000F28,,
3881,00000F29,,
3882,00000F2A,,
3883,00000F2B,,
3884,00000F2C,,
3885,00000F2D,,
3886,00000F2E,,
3887,00000F2F,,
3888,00000F30,,
3889,00000F31,,
3890,00000F32,,
3891,00000F33,,
3892,00000F34,,
3893,00000F35,,
3894,00000F36,,
3895,00000F37,,
3896,00000F38,,
3897,00000F39,,
3898,00000F3A,,
3899,00000F3B,,
3900,00000F3C,,
3901,00000F3D,,
3902,00000F3E,,
3903,00000F3F,,
3904,00000F40,,
3905,00000F41,,
3906,00000F42,,
3907,00000F43,,
3908,00000F44,,
3909,00000F45,,
3910,00000F46,,
3911,00000F47,,
3912,00000F48,,
3913,00000F49,,
3914,00000F4A,,
3915,00000F4B,,
3916,00000F4C,,
3917,00000F4D,,
3918,00000F4E,,
3919,00000F4F,,
3920,00000F50,,
3921,00000F51,,
3922,00000F52,,
3923,00000F53,,
3924,00000F54,,
3925,00000F55,,
3926,00000F56,,
3927,00000F57,,
3928,00000F58,,
3929,00000F59,,
3930,00000F5A,,
3931,00000F5B,,
3932,00000F5C,,
3933,00000F5D,,
3934,00000F5E,,
3935,00000F5F,,
3936,00000F60,,
3937,00000F61,,
3938,00000F62,,
3939,00000F63,,
3940,00000F64,,
3941,00000F65,,
3942,00000F66,,
3943,00000F67,,
3944,00000F68,,
3945,00000F69,,
3946,00000F6A,,
3947,00000F6B,,
3948,00000F6C,,
3949,00000F6D,,
3950,00000F6E,,
3951,00000F6F,,
3952,00000F70,,
3953,00000F71,,
3954,00000F72,,
3955,00000F73,,
3956,00000F74,,
3957,00000F75,,
3958,00000F76,,
3959,00000F77,,
3960,00000F78,,
3961,00000F79,,
3962,00000F7A,,
3963,00000F7B,,
3964,00000F7C,,
3965,00000F7D,,
3966,00000F7E,,
3967,00000F7F,,
3968,00000F80,,
3969,00000F81,,
3970,00000F82,,
3971,00000F83,,
3972,00000F84,,
3973,00000F85,,
3974,00000F86,,
3975,00000F87,,
3976,00000F88,,
3977,00000F89,,
3978,00000F8A,,
3979,00000F8B,,
3980,00000F8C,,
3981,00000F8D,,
3982,00000F8E,,
3983,00000F8F,,
3984,00000F90,,
3985,00000F91,,
3986,00000F92,,
3987,00000F93,,
3988,00000F94,,
3989,00000F95,,
3990,00000F96,,
3991,00000F97,,
3992,00000F98,,
3993,00000F99,,
3994,00000F9A,,
3995,00000F9B,,
3996,00000F9C,,
3997,00000F9D,,
3998,00000F9E,,
3999,00000F9F,,
4000,00000FA0,,
4001,00000FA1,,
4002,00000FA2,,
4003,00000FA3,,
4004,00000FA4,,
4005,00000FA5,,
4006,00000FA6,,
4007,00000FA7,,
4008,00000FA8,,
4009,00000FA9,,
4010,00000FAA,,
4011,00000FAB,,
4012,00000FAC,,
4013,00000FAD,,
4014,00000FAE,,
4015,00000FAF,,
4016,00000FB0,,
4017,00000FB1,,
4018,00000FB2,,
4019,00000FB3,,
4020,00000FB4,,
4021,00000FB5,,
4022,00000FB6,,
4023,00000FB7,,
4024,00000FB8,,
4025,00000FB9,,
4026,00000FBA,,
4027,00000FBB,,
4028,00000FBC,,
4029,00000FBD,,
4030,00000FBE,,
4031,00000FBF,,
4032,00000FC0,,
4033,00000FC1,,
4034,00000FC2,,
4035,00000FC3,,
4036,00000FC4,,
4037,00000FC5,,
4038,00000FC6,,
4039,00000FC7,,
4040,00000FC8,,
4041,00000FC9,,
4042,00000FCA,,
4043,00000FCB,,
4044,00000FCC,,
4045,00000FCD,,
4046,00000FCE,,
4047,00000FCF,,
4048,00000FD0,,
4049,00000FD1,,
4050,00000FD2,,
4051,00000FD3,,
4052,00000FD4,,
4053,00000FD5,,
4054,00000FD6,,
4055,00000FD7,,
4056,00000FD8,,
4057,00000FD9,,
4058,00000FDA,,
4059,00000FDB,,
4060,00000FDC,,
4061,00000FDD,,
4062,00000FDE,,
4063,00000FDF,,
4064,00000FE0,,
4065,00000FE1,,
4066,00000FE2,,
4067,00000FE3,,
4068,00000FE4,,
4069,00000FE5,,
4070,00000FE6,,
4071,00000FE7,,
4072,00000FE8,,
4073,00000FE9,,
4074,00000FEA,,
4075,00000FEB,,
4076,00000FEC,,
4077,00000FED,,
4078,00000FEE,,
4079,00000FEF,,
4080,00000FF0,,
4081,00000FF1,,
4082,00000FF2,,
4083,00000FF3,,
4084,00000FF4,,
4085,00000FF5,,
4086,00000FF6,,
4087,00000FF7,,
4088,00000FF8,,
4089,00000FF9,,
4090,00000FFA,,
4091,00000FFB,,
4092,00000FFC,,
4093,00000FFD,,
4094,00000FFE,,
4095,00000FFF,,
4096,00001000,,
4097,00001001,,
4098,00001002,,
4099,00001003,,
4100,00001004,,
4101,00001005,,
4102,00001006,,
4103,00001007,,
4104,00001008,,
4105,00001009,,
4106,0000100A,,
4107,0000100B,,
4108,0000100C,,
4109,0000100D,,
4110,0000100E,,
4111,0000100F,,
4112,00001010,,
4113,00001011,,
4114,00001012,,
4115,00001013,,
4116,00001014,,
4117,00001015,,
4118,00001016,,
4119,00001017,,
4120,00001018,,
4121,00001019,,
4122,0000101A,,
4123,0000101B,,
4124,0000101C,,
4125,0000101D,,
4126,0000101E,,
4127,0000101F,,
4128,00001020,,
4129,00001021,,
4130,00001022,,
4131,00001023,,
4132,00001024,,
4133,00001025,,
4134,00001026,,
4135,00001027,,
4136,00001028,,
4137,00001029,,
4138,0000102A,,
4139,0000102B,,
4140,0000102C,,
4141,0000102D,,
4142,0000102E,,
4143,0000102F,,
4144,00001030,,
4145,00001031,,
4146,00001032,,
4147,00001033,,
4148,00001034,,
4149,00001035,,
4150,00001036,,
4151,00001037,,
4152,00001038,,
4153,00001039,,
4154,0000103A,,
4155,0000103B,,
4156,0000103C,,
4157,0000103D,,
4158,0000103E,,
4159,0000103F,,
4160,00001040,,
4161,00001041,,
4162,00001042,,
4163,00001043,,
4164,00001044,,
4165,00001045,,
4166,00001046,,
4167,00001047,,
4168,00001048,,
4169,00001049,,
4170,0000104A,,
4171,0000104B,,
4172,0000104C,,
4173,0000104D,,
4174,0000104E,,
4175,0000104F,,
4176,00001050,,
4177,00001051,,
4178,00001052,,
4179,00001053,,
4180,00001054,,
4181,00001055,,
4182,00001056,,
4183,00001057,,
4184,00001058,,
4185,00001059,,
4186,0000105A,,
4187,0000105B,,
4188,0000105C,,
4189,0000105D,,
4190,0000105E,,
4191,0000105F,,
4192,00001060,,
4193,00001061,,
4194,00001062,,
4195,00001063,,
4196,00001064,,
4197,00001065,,
4198,00001066,,
4199,00001067,,
4200,00001068,,
4201,00001069,,
4202,0000106A,,
4203,0000106B,,
4204,0000106C,,
4205,0000106D,,
4206,0000106E,,
4207,0000106F,,
4208,00001070,,
4209,00001071,,
4210,00001072,,
4211,00001073,,
4212,00001074,,
4213,00001075,,
4214,00001076,,
4215,00001077,,
4216,00001078,,
4217,00001079,,
4218,0000107A,,
4219,0000107B,,
4220,0000107C,,
4221,0000107D,,
4222,0000107E,,
4223,0000107F,,
4224,00001080,,
4225,00001081,,
4226,00001082,,
4227,00001083,,
4228,00001084,,
4229,00001085,,
4230,00001086,,
4231,00001087,,
4232,00001088,,
4233,00001089,,
4234,0000108A,,
4235,0000108B,,
4236,0000108C,,
4237,0000108D,,
4238,0000108E,,
4239,0000108F,,
4240,00001090,,
4241,00001091,,
4242,00001092,,
4243,00001093,,
4244,00001094,,
4245,00001095,,
4246,00001096,,
4247,00001097,,
4248,00001098,,
4249,00001099,,
4250,0000109A,,
4251,0000109B,,
4252,0000109C,,
4253,0000109D,,
4254,0000109E,,
4255,0000109F,,
4256,000010A0,,
4257,000010A1,,
4258,000010A2,,
4259,000010A3,,
4260,000010A4,,
4261,000010A5,,
4262,000010A6,,
4263,000010A7,,
4264,000010A8,,
4265,000010A9,,
4266,000010AA,,
4267,000010AB,,
4268,000010AC,,
4269,000010AD,,
4270,000010AE,,
4271,000010AF,,
4272,000010B0,,
4273,000010B1,,
4274,000010B2,,
4275,000010B3,,
4276,000010B4,,
4277,000010B5,,
4278,000010B6,,
4279,000010B7,,
4280,000010B8,,
4281,000010B9,,
4282,000010BA,,
4283,000010BB,,
4284,000010BC,,
4285,000010BD,,
4286,000010BE,,
4287,000010BF,,
4288,000010C0,,
4289,000010C1,,
4290,000010C2,,
4291,000010C3,,
4292,000010C4,,
4293,000010C5,,
4294,000010C6,,
4295,000010C7,,
4296,000010C8,,
4297,000010C9,,
4298,000010CA,,
4299,000010CB,,
4300,000010CC,,
4301,000010CD,,
4302,000010CE,,
4303,000010CF,,
4304,000010D0,,
4305,000010D1,,
4306,000010D2,,
4307,000010D3,,
4308,000010D4,,
4309,000010D5,,
4310,000010D6,,
4311,000010D7,,
4312,000010D8,,
4313,000010D9,,
4314,000010DA,,
4315,000010DB,,
4316,000010DC,,
4317,000010DD,,
4318,000010DE,,
4319,000010DF,,
4320,000010E0,,
4321,000010E1,,
4322,000010E2,,
4323,000010E3,,
4324,000010E4,,
4325,000010E5,,
4326,000010E6,,
4327,000010E7,,
4328,000010E8,,
4329,000010E9,,
4330,000010EA,,
4331,000010EB,,
4332,000010EC,,
4333,000010ED,,
4334,000010EE,,
4335,000010EF,,
4336,000010F0,,
4337,000010F1,,
4338,000010F2,,
4339,000010F3,,
4340,000010F4,,
4341,000010F5,,
4342,000010F6,,
4343,000010F7,,
4344,000010F8,,
4345,000010F9,,
4346,000010FA,,
4347,000010FB,,
4348,000010FC,,
4349,000010FD,,
4350,000010FE,,
4351,000010FF,,
4352,00001100,,
4353,00001101,,
4354,00001102,,
4355,00001103,,
4356,00001104,,
4357,00001105,,
4358,00001106,,
4359,00001107,,
4360,00001108,,
4361,00001109,,
4362,0000110A,,
4363,0000110B,,
4364,0000110C,,
4365,0000110D,,
4366,0000110E,,
4367,0000110F,,
4368,00001110,,
4369,00001111,,
4370,00001112,,
4371,00001113,,
4372,00001114,,
4373,00001115,,
4374,00001116,,
4375,00001117,,
4376,00001118,,
4377,00001119,,
4378,0000111A,,
4379,0000111B,,
4380,0000111C,,
4381,0000111D,,
4382,0000111E,,
4383,0000111F,,
4384,00001120,,
4385,00001121,,
4386,00001122,,
4387,00001123,,
4388,00001124,,
4389,00001125,,
4390,00001126,,
4391,00001127,,
4392,00001128,,
4393,00001129,,
4394,0000112A,,
4395,0000112B,,
4396,0000112C,,
4397,0000112D,,
4398,0000112E,,
4399,0000112F,,
4400,00001130,,
4401,00001131,,
4402,00001132,,
4403,00001133,,
4404,00001134,,
4405,00001135,,
4406,00001136,,
4407,00001137,,
4408,00001138,,
4409,00001139,,
4410,0000113A,,
4411,0000113B,,
4412,0000113C,,
4413,0000113D,,
4414,0000113E,,
4415,0000113F,,
4416,00001140,,
4417,00001141,,
4418,00001142,,
4419,00001143,,
4420,00001144,,
4421,00001145,,
4422,00001146,,
4423,00001147,,
4424,00001148,,
4425,00001149,,
4426,0000114A,,
4427,0000114B,,
4428,0000114C,,
4429,0000114D,,
4430,0000114E,,
4431,0000114F,,
4432,00001150,,
4433,00001151,,
4434,00001152,,
4435,00001153,,