,ID,Recuit Name Slot,Hired Name Slot,,
1,0001,Player Start,Aston,,IDs are reversed in save
2,0002,Alain,Adleais,,hired and recruit don't share any names with same id
3,0003,Gerard,Ian,,
4,0004,Scarlett,Isdore,,
5,0005,Lex,Victor,,
6,0006,Chloe,Warren,,
7,0007,Josef,Walter,,
8,0008,Josef,Edgar,,
9,0009,Zenoiran Solder,Edward,,
10,000A,Zenoiran Solder,Eric,,
11,000B,Zenoiran Solder,Oscar,,
12,000C,Hodrick,Aureus,,
13,000D,Clive,Gaius,,
14,000E,Clive,Gabriel,,
15,000F,Travis,Keele,,
16,0010,Aubin,Gill,,
17,0011,Travis,Clark,,
18,0012,Mercenary,Griffith,,
19,0013,Beregaria,Kevin,,
20,0014,Bruno,Gordon,,
21,0015,Ochlys,Simon,,
22,0016,Heavensing Knight,Sylas,,
23,0017,Sharon,Jean,,
24,0018,Black Talon Bandit,James,,
25,0019,Black Talon Bandit,Jahu,,
26,001A,Black Talon Bandit,John,,
27,001B,Mordon,Scott,,
28,001C,Iron Helm Mercenary,Stephen,,
29,001D,Yahna,Cedric,,
30,001E,Ostara,Solas,,
31,001F,Mia,Douglas,,
32,0020,Adel,Duncan,,
33,0021,Adel,Charles,,
34,0022,Aide,Dean,,
35,0023,Gastons'soldier,Dougal,,
36,0024,Kitra,Thomas,,
37,0025,Miriam,Neil,,
38,0026,Fran,Nicholas,,
39,0027,Renault's Soldier,Noah,,
40,0028,Zenoiran Solder,Norreth,,
41,0029,Berenice,Percy,,
42,002A,Berenice,Basil,,
43,002B,Nina,Peter,,
44,002C,Mille,Hugo,,
45,002D,Bryce,Brian,,
46,002E,Bryce,Frank,,
47,002F,Sven,Baird,,
48,0030,Kurt,Hector,,
49,0031,Rock Rat Grunt,Benjamin,,
50,0032,Rock Rat Grunt,Hawk,,
51,0033,Rock Rat Grunt,Hoss,,
52,0034,Rolf,Mark,,
53,0035,Lionel,Micheal,,
54,0036,Andre,Mace,,
55,0037,Knight,Melvin,,
56,0038,Town Watchman,Mort,,
57,0039,Town Watchman,Earl,,
58,003A,Black Talon Bandit,Euriel,,
59,003B,Black Talon Bandit,Yorik,,
60,003C,Mellisandre,Laius,,
61,003D,Colm,Lionel,,
62,003E,Mellisandre's Soldier,Rastus,,
63,003F,Monica,Ricard,,
64,0040,Monica's Soldier,Rick,,
65,0041,Mattias,Lucas,,
66,0042,Hans,Rudolf,,
67,0043,Laike,Leif,,
68,0044,Outlaw,Leonard,,
69,0045,Outlaw,Roy,,
70,0046,Outlaw,Iris,,
71,0047,Cleric,Angelica,,
72,0048,Tatiana,Eve,,
73,0049,Auch,Isbel,,
74,004A,Auch's Soldier,Vivian,,
75,004B,Selvie,Wendle,,
76,004C,Virginia,Effie,,
77,004D,Leah,Elizabeth,,
78,004E,Primm,Aureilia,,
79,004F,Aramis,Olivia,,
80,0050,Selvie,Karla,,
81,0051,Virginia,Corelia,,
82,0052,Magellan,Carol,,
83,0053,Jeremy,Quinn,,
84,0054,Hilda,Guinevere,,
85,0055,Gilbert,Camela,,
86,0056,Gilbert,Claire,,
87,0057,Amelia,Cathy,,
88,0058,Hermann,Corinne,,
89,0059,Hermann,Courtney,,
90,005A,Hermann,Sairisse,,
91,005B,Elma,Sayra,,
92,005C,Elma,Sheila,,
93,005D,Elma,Shelly,,
94,005E,Lothar,Charlotte,,
95,005F,Lothar,Judy,,
96,0060,Lothar,Suzie,,
97,0061,Clara,Stella,,
98,0062,Leonie,Sofia,,
99,0063,Fabian,Cecily,,
100,0064,Beregaria,Cerise,,
101,0065,Drakenhold Soldier,,,
102,0066,Zenoiran Solder,,,
103,0067,Knight Of The Rose,,,
104,0068,Knight Of The Rose,,,
105,0069,Knight Of The Rose,,,
106,006A,Giethe's Solder,,,
107,006B,Giethe's Solder,,,
108,006C,Gloucester,,,
109,006D,Liza,,,
110,006E,Sand Scopion Grunt,,,
111,006F,Sand Scopion Grunt,,,
112,0070,Sand Scopion Grunt,,,
113,0071,Zenoiran Solder,,,
114,0072,Aide,,,
115,0073,Rosalinde,,,
116,0074,Lhinalagos,,,
117,0075,Favio,,,
118,0076,Elheim Soldier,,,
119,0077,Elheim Soldier,,,
120,0078,Elheim Soldier,,,
121,0079,Ithillion,,,
122,007A,Gilthniel,,,
123,007B,Kalandir,,,
124,007C,Keledin,,,
125,007D,Elheim Soldier,,,
126,007E,Elheim Soldier,,,
127,007F,Zenoiran Solder,,,
128,0080,Zenoiran Solder,,,
129,0081,Celeste,,,
130,0082,Gammel,,,
131,0083,Mandrin,,,
132,0084,Black Talon Bandit,,,
133,0085,Eltolinde,,,
134,0086,Alcina,,,
135,0087,Alcina,,,
136,0088,Yahna,,,
137,0089,Yahna,,,
138,008A,Zenoiran Solder,,,
139,008B,Elheim Solder,,,
140,008C,Zenoiran Solder,,,
141,008D,Zenoiran Solder,,,
142,008E,Galadmir,,,
143,008F,Railanor,,,
144,0090,Ridiel,,,
145,0091,Yunifi,,,
146,0092,Morad,,,
147,0093,Wolf Bestial,,,
148,0094,Dinah,,,
149,0095,Rui,,,
150,0096,Snowpetal Soldier,,,
151,0097,Snowpetal Soldier,,,
152,0098,Zenoiran Solder,,,
153,0099,Ramona,,,
154,009A,Zenoiran Solder,,,
155,009B,Lion Bestial,,,
156,009C,Govil,,,
157,009D,Bertrand,,,
158,009E,Zenoiran Solder,,,
159,009F,Mercenary,,,
160,00A0,Mercenary,,,
161,00A1,Zenoiran Solder,,,
162,00A2,Zenoiran Solder,,,
163,00A3,Raenys,,,
164,00A4,Umerus,,,
165,00A5,Albion Soldier,,,
166,00A6,Albion Soldier,,,
167,00A7,Nigel,,,
168,00A8,Santio,,,
169,00A9,Jerome,,,
170,00AA,Lotti,,,
171,00AB,Fodoquia,,,
172,00AC,Renault,,,
173,00AD,Laurent,,,
174,00AE,Maurice,,,
175,00AF,Nikola,,,
176,00B0,Ilenia,,,
177,00B1,Hodrick,,,
178,00B2,Renault,,,
179,00B3,Gailey,,,
180,00B4,Alcina,,,
181,00B5,Zenoiran Solder,,,
182,00B6,Zenoiran Solder,,,
183,00B7,Zenoiran Solder,,,
184,00B8,Bastoias Soldier,,,
185,00B9,Bastoias Soldier,,,
186,00BA,Bastoias Soldier,,,
187,00BB,Bastoias Soldier,,,
188,00BC,Petro,,,
189,00BD,Paulo,,,
190,00BE,Helen,,,
191,00BF,Beumont,,,
192,00C0,Ilenia,,,
193,00C1,Gailey,,,
194,00C2,Alcina,,,
195,00C3,Eigor,,,
196,00C4,Mille,,,
197,00C5,Hodel,,,
198,00C6,Alain,,,
199,00C7,Cornia Soldier,,,
200,00C8,Cornia Soldier,,,
201,00C9,Cornia Soldier,,,
202,00CA,Cornia Soldier,,,
203,00CB,Cornia Soldier,,,
204,00CC,Cornia Soldier,,,
205,00CD,Cornia Soldier,,,
206,00CE,Cornia Soldier,,,
207,00CF,Cornia Soldier,,,
208,00D0,Cornia Soldier,,,
209,00D1,Cornia Soldier,,,
210,00D2,Cornia Soldier,,,
211,00D3,Cornia Soldier,,,
212,00D4,Cornia Soldier,,,
213,00D5,Cornia Soldier,,,
214,00D6,Cornia Soldier,,,
215,00D7,Cornia Soldier,,,
216,00D8,Cornia Soldier,,,
217,00D9,Cornia Soldier,,,
218,00DA,Cornia Soldier,,,
219,00DB,Cornia Soldier,,,
220,00DC,Cornia Soldier,,,
221,00DD,Cornia Soldier,,,
222,00DE,Cornia Soldier,,,
223,00DF,Cornia Soldier,,,
224,00E0,Cornia Soldier,,,
225,00E1,Cornia Soldier,,,
226,00E2,Cornia Soldier,,,
227,00E3,Cornia Soldier,,,
228,00E4,Cornia Soldier,,,
229,00E5,Cornia Soldier,,,
230,00E6,Outlaw,,,
231,00E7,Outlaw,,,
232,00E8,Drakenhold Soldier,,,
233,00E9,Drakenhold Soldier,,,
234,00EA,Drakenhold Soldier,,,
235,00EB,Drakenhold Soldier,,,
236,00EC,Drakenhold Soldier,,,
237,00ED,Drakenhold Soldier,,,
238,00EE,Drakenhold Soldier,,,
239,00EF,Drakenhold Soldier,,,
240,00F0,Drakenhold Soldier,,,
241,00F1,Drakenhold Soldier,,,
242,00F2,Drakenhold Soldier,,,
243,00F3,Drakenhold Soldier,,,
244,00F4,Drakenhold Soldier,,,
245,00F5,Drakenhold Soldier,,,
246,00F6,Drakenhold Soldier,,,
247,00F7,Drakenhold Soldier,,,
248,00F8,Drakenhold Soldier,,,
249,00F9,Drakenhold Soldier,,,
250,00FA,Drakenhold Soldier,,,
251,00FB,Drakenhold Soldier,,,
252,00FC,Drakenhold Soldier,,,
253,00FD,Drakenhold Soldier,,,
254,00FE,Drakenhold Soldier,,,
255,00FF,Elheim Solder,,,
256,0100,Elheim Solder,,,
257,0101,Elheim Solder,,,
258,0102,Elheim Solder,,,
259,0103,Elheim Solder,,,
260,0104,Elheim Solder,,,
261,0105,Elheim Solder,,,
262,0106,Elheim Solder,,,
263,0107,Elheim Solder,,,
264,0108,Elheim Solder,,,
265,0109,Elheim Solder,,,
266,010A,Elheim Solder,,,
267,010B,Elheim Solder,,,
268,010C,Elheim Solder,,,
269,010D,Elheim Solder,,,
270,010E,Elheim Solder,,,
271,010F,Elheim Solder,,,
272,0110,Elheim Solder,,,
273,0111,Elheim Solder,,,
274,0112,Elheim Solder,,,
275,0113,Elheim Solder,,,
276,0114,Elheim Solder,,,
277,0115,Elheim Solder,,,
278,0116,Elheim Solder,,,
279,0117,Elheim Solder,,,
280,0118,Elheim Solder,,,
281,0119,Elheim Solder,,,
282,011A,Elheim Solder,,,
283,011B,Elheim Solder,,,
284,011C,Elheim Solder,,,
285,011D,Blank,,,
286,011E,Blank,,,
287,011F,Blank,,,
288,0120,Blank,,,
289,0121,Blank,,,
290,0122,Blank,,,
291,0123,Blank,,,
292,0124,Blank,,,
293,0125,Blank,,,
294,0126,Blank,,,
295,0127,Blank,,,
296,0128,Blank,,,
297,0129,Blank,,,
298,012A,Blank,,,
299,012B,Blank,,,
300,012C,Blank,,,
301,012D,Albion Soldier,,,
302,012E,Albion Soldier,,,
303,012F,Albion Soldier,,,
304,0130,Albion Soldier,,,
305,0131,Mercenary,,,
306,0132,Soldier,,,
307,0133,Soldier,,,
308,0134,Mercenary,,,
309,0135,Knight,,,
310,0136,Archer,,,
311,0137,Arbalist,,,
312,0138,Mercenary,,,
313,0139,Mercenary,,,
314,013A,Mercenary,,,
315,013B,Mercenary,,,
316,013C,Mercenary,,,
317,013D,Swordfighter,,,
318,013E,Swordfighter,,,
319,013F,Cleric,,,
320,0140,Witch,,,
321,0141,Sorcerer,,,
322,0142,Knight,,,
323,0143,Knight,,,
324,0144,Knight,,,
325,0145,Gryphon Knight,,,
326,0146,Wyvern Knight,,,
327,0147,Dark Elf Fencer,,,
328,0148,Dark Elf Fencer,,,
329,0149,Elven Archer,,,
330,014A,Elven Archer,,,
331,014B,Bear Bestial,,,
332,014C,Wolf Bestial,,,
333,014D,Fox Bestial,,,
334,014E,Owl Bestial,,,
335,014F,Angel,,,
336,0150,Angel,,,
337,0151,Angel,,,
338,0152,Angel,,,
339,0153,Liberation Mercenary,,,
340,0154,Liberation Soldier,,,
341,0155,Liberation Soldier,,,
342,0156,Liberation Mercenary,,,
343,0157,Liberation Mercenary,,,
344,0158,Liberation Mercenary,,,
345,0159,Liberation Knight,,,
346,015A,Liberation Archer,,,
347,015B,Liberation Arbalist,,,
348,015C,Liberation Mercenary,,,
349,015D,Liberation Mercenary,,,
350,015E,Liberation Mercenary,,,
351,015F,Liberation Mercenary,,,
352,0160,Liberation Mercenary,,,
353,0161,Liberation Mercenary,,,
354,0162,Liberation Mercenary,,,
355,0163,Liberation Swordfighter,,,
356,0164,Liberation Swordfighter,,,
357,0165,Liberation Cleric,,,
358,0166,Liberation Cleric,,,
359,0167,Liberation Witch,,,
360,0168,Liberation Sorcerer,,,
361,0169,Liberation Witch,,,
362,016A,Liberation Knight,,,
363,016B,Liberation Knight,,,
364,016C,Liberation Knight,,,
365,016D,Liberation Gryphon Knight,,,
366,016E,Liberation Wyvern Knight,,,
367,016F,Liberation Swordfighter,,,
368,0170,Liberation Swordfighter,,,
369,0171,Liberation Archer,,,
370,0172,Liberation Archer,,,
371,0173,Liberation Soldier,,,
372,0174,Liberation Soldier,,,
373,0175,Liberation Soldier,,,
374,0176,Liberation Soldier,,,
375,0177,Liberation Knight,,,
376,0178,Liberation Archer,,,
377,0179,Liberation Cleric,,,
378,017A,Liberation Knight,,,
379,017B,Liberation Knight,,,
380,017C,Liberation Knight,,,
381,017D,Zenoiran Solder,,,
382,017E,Zenoiran Solder,,,
383,017F,Zenoiran Solder,,,
384,0180,Zenoiran Solder,,,
385,0181,Zenoiran Solder,,,
386,0182,Zenoiran Solder,,,
387,0183,Zenoiran Solder,,,
388,0184,Zenoiran Solder,,,
389,0185,Zenoiran Solder,,,
390,0186,Zenoiran Solder,,,
391,0187,Zenoiran Solder,,,
392,0188,Zenoiran Solder,,,
393,0189,Zenoiran Solder,,,
394,018A,Zenoiran Solder,,,
395,018B,Zenoiran Solder,,,
396,018C,Zenoiran Solder,,,
397,018D,Zenoiran Solder,,,
398,018E,Zenoiran Solder,,,
399,018F,Zenoiran Solder,,,
400,0190,Zenoiran Solder,,,
401,0191,Zenoiran Solder,,,
402,0192,Zenoiran Solder,,,
403,0193,Zenoiran Solder,,,
404,0194,Zenoiran Solder,,,
405,0195,Zenoiran Solder,,,
406,0196,Zenoiran Solder,,,
407,0197,Zenoiran Solder,,,
408,0198,Zenoiran Solder,,,
409,0199,Zenoiran Solder,,,
410,019A,Zenoiran Solder,,,
411,019B,Zenoiran Solder,,,
412,019C,Zenoiran Solder,,,
413,019D,Zenoiran Solder,,,
414,019E,Zenoiran Solder,,,
415,019F,Zenoiran Solder,,,
416,01A0,Zenoiran Solder,,,
417,01A1,Zenoiran Solder,,,
418,01A2,Zenoiran Solder,,,
419,01A3,Zenoiran Solder,,,
420,01A4,Zenoiran Solder,,,
421,01A5,Zenoiran Solder,,,
422,01A6,Zenoiran Solder,,,
423,01A7,Zenoiran Solder,,,
424,01A8,Zenoiran Solder,,,
425,01A9,Zenoiran Solder,,,
426,01AA,Zenoiran Solder,,,
427,01AB,Zenoiran Solder,,,
428,01AC,Zenoiran Solder,,,
429,01AD,Zenoiran Solder,,,
430,01AE,Zenoiran Solder,,,
431,01AF,Zenoiran Solder,,,
432,01B0,Zenoiran Solder,,,
433,01B1,Zenoiran Solder,,,
434,01B2,Zenoiran Solder,,,
435,01B3,Zenoiran Solder,,,
436,01B4,Zenoiran Solder,,,
437,01B5,Zenoiran Solder,,,
438,01B6,Zenoiran Solder,,,
439,01B7,Zenoiran Solder,,,
440,01B8,Zenoiran Solder,,,
441,01B9,Zenoiran Solder,,,
442,01BA,Zenoiran Solder,,,
443,01BB,Zenoiran Solder,,,
444,01BC,Zenoiran Solder,,,
445,01BD,Zenoiran Solder,,,
446,01BE,Mercenary,,,
447,01BF,Mercenary,,,
448,01C0,Mercenary,,,
449,01C1,Mercenary,,,
450,01C2,Mercenary,,,
451,01C3,Mercenary,,,
452,01C4,Mercenary,,,
453,01C5,Mercenary,,,
454,01C6,Mercenary,,,
455,01C7,Mercenary,,,
456,01C8,Mercenary,,,
457,01C9,Mercenary,,,
458,01CA,Mercenary,,,
459,01CB,Mercenary,,,
460,01CC,Mercenary,,,
461,01CD,Mercenary,,,
462,01CE,Mercenary,,,
463,01CF,Mercenary,,,
464,01D0,Mercenary,,,
465,01D1,Mercenary,,,
466,01D2,Mercenary,,,
467,01D3,Mercenary,,,
468,01D4,Mercenary,,,
469,01D5,Mercenary,,,
470,01D6,Mercenary,,,
471,01D7,Mercenary,,,
472,01D8,Mercenary,,,
473,01D9,Mercenary,,,
474,01DA,Mercenary,,,
475,01DB,Mercenary,,,
476,01DC,Mercenary,,,
477,01DD,Mercenary,,,
478,01DE,Mercenary,,,
479,01DF,Mercenary,,,
480,01E0,Mercenary,,,
481,01E1,Mercenary,,,
482,01E2,Mercenary,,,
483,01E3,Mercenary,,,
484,01E4,Mercenary,,,
485,01E5,Mercenary,,,
486,01E6,Mercenary,,,
487,01E7,Mercenary,,,
488,01E8,Mercenary,,,
489,01E9,Mercenary,,,
490,01EA,Mercenary,,,
491,01EB,Mercenary,,,
492,01EC,Mercenary,,,
493,01ED,Mercenary,,,
494,01EE,Mercenary,,,
495,01EF,Mercenary,,,
496,01F0,Mercenary,,,
497,01F1,Mercenary,,,
498,01F2,Mercenary,,,
499,01F3,Mercenary,,,
500,01F4,Debug Use Hot-Blooded 2,,,
501,01F5,Liberation Mercenary,,,
502,01F6,Liberation Mercenary,,,
503,01F7,Liberation Mercenary,,,
504,01F8,Liberation Mercenary,,,
505,01F9,Liberation Swordfighter,,,
506,01FA,Liberation Swordfighter,,,
507,01FB,Liberation Cleric,,,
508,01FC,Liberation Cleric,,,
509,01FD,Liberation Witch,,,
510,01FE,Liberation Sorcerer,,,
511,01FF,Liberation Witch,,,
512,0200,Liberation Knight,,,
513,0201,Liberation Knight,,,
514,0202,Liberation Knight,,,
515,0203,Liberation Gryphon Knight,,,
516,0204,Liberation Wyvern Knight,,,
517,0205,Liberation Swordfighter,,,
518,0206,Liberation Swordfighter,,,
519,0207,Liberation Archer,,,
520,0208,Liberation Archer,,,
521,0209,Liberation Soldier,,,
522,020A,Liberation Soldier,,,
523,020B,Liberation Soldier,,,
524,020C,Liberation Soldier,,,
525,020D,Liberation Knight,,,
526,020E,Liberation Archer,,,
527,020F,Liberation Cleric,,,
528,0210,Liberation Knight,,,
529,0211,Liberation Knight,,,
530,0212,Liberation Knight,,,
531,0213,Zenoiran Solder,,,
532,0214,Zenoiran Solder,,,
533,0215,Zenoiran Solder,,,
534,0216,Zenoiran Solder,,,
535,0217,Zenoiran Solder,,,
536,0218,Zenoiran Solder,,,
537,0219,Zenoiran Solder,,,
538,021A,Zenoiran Solder,,,
539,021B,Zenoiran Solder,,,
540,021C,Zenoiran Solder,,,
541,021D,Zenoiran Solder,,,
542,021E,Zenoiran Solder,,,
543,021F,Zenoiran Solder,,,
544,0220,Zenoiran Solder,,,
545,0221,Zenoiran Solder,,,
546,0222,Zenoiran Solder,,,
547,0223,Zenoiran Solder,,,
548,0224,Zenoiran Solder,,,
549,0225,Zenoiran Solder,,,
550,0226,Zenoiran Solder,,,
551,0227,Zenoiran Solder,,,
552,0228,Zenoiran Solder,,,
553,0229,Zenoiran Solder,,,
554,022A,Zenoiran Solder,,,
555,022B,Zenoiran Solder,,,
556,022C,Zenoiran Solder,,,
557,022D,Zenoiran Solder,,,
558,022E,Zenoiran Solder,,,
559,022F,Zenoiran Solder,,,
560,0230,Zenoiran Solder,,,
561,0231,Zenoiran Solder,,,
562,0232,Zenoiran Solder,,,
563,0233,Zenoiran Solder,,,
564,0234,Zenoiran Solder,,,
565,0235,Zenoiran Solder,,,
566,0236,Zenoiran Solder,,,
567,0237,Zenoiran Solder,,,
568,0238,Zenoiran Solder,,,
569,0239,Zenoiran Solder,,,
570,023A,Zenoiran Solder,,,
571,023B,Zenoiran Solder,,,
572,023C,Zenoiran Solder,,,
573,023D,Zenoiran Solder,,,
574,023E,Zenoiran Solder,,,
575,023F,Zenoiran Solder,,,
576,0240,Zenoiran Solder,,,
577,0241,Zenoiran Solder,,,
578,0242,Zenoiran Solder,,,
579,0243,Zenoiran Solder,,,
580,0244,Zenoiran Solder,,,
581,0245,Zenoiran Solder,,,
582,0246,Zenoiran Solder,,,
583,0247,Zenoiran Solder,,,
584,0248,Zenoiran Solder,,,
585,0249,Zenoiran Solder,,,
586,024A,Zenoiran Solder,,,
587,024B,Zenoiran Solder,,,
588,024C,Zenoiran Solder,,,
589,024D,Zenoiran Solder,,,
590,024E,Zenoiran Solder,,,
591,024F,Zenoiran Solder,,,
592,0250,Zenoiran Solder,,,
593,0251,Zenoiran Solder,,,
594,0252,Zenoiran Solder,,,
595,0253,Zenoiran Solder,,,
596,0254,Zenoiran Solder,,,
597,0255,Zenoiran Solder,,,
598,0256,Zenoiran Solder,,,
599,0257,Zenoiran Solder,,,
600,0258,Zenoiran Solder,,,
601,0259,Blank,,,
602,025A,Blank,,,
603,025B,Blank,,,
604,025C,Blank,,,
605,025D,Blank,,,
606,025E,Blank,,,
607,025F,Blank,,,
608,0260,Blank,,,
609,0261,Blank,,,
610,0262,Blank,,,
611,0263,Blank,,,
612,0264,Blank,,,
613,0265,Blank,,,
614,0266,Blank,,,
615,0267,Blank,,,
616,0268,Blank,,,
617,0269,Blank,,,
618,026A,Blank,,,
619,026B,Blank,,,
620,026C,Blank,,,
621,026D,Blank,,,
622,026E,Blank,,,
623,026F,Blank,,,
624,0270,Blank,,,
625,0271,Blank,,,
626,0272,Jude,,,
627,0273,Mardie,,,
628,0274,Edvald,,,
629,0275,Collinson,,,
630,0276,Marvwell,,,
631,0277,Balamor,,,
632,0278,Legor,,,
633,0279,Lumone,,,
634,027A,Dalvid,,,
635,027B,Culloran,,,
636,027C,Adon,,,
637,027D,Elmont,,,
638,027E,Flotina,,,
639,027F,Edemont,,,
640,0280,Albert,,,
641,0281,Bernolt,,,
642,0282,Adelina,,,
643,0283,Ava,,,
644,0284,Bernadette,,,
645,0285,Randall,,,
646,0286,Valestian,,,
647,0287,Andaria,,,
648,0288,Medeleine,,,
649,0289,Lagorith,,,
650,028A,Ogritte,,,
651,028B,Manon,,,
652,028C,Lydia,,,
653,028D,Auran,,,
654,028E,Ginessa,,,
655,028F,Alexia,,,
656,0290,Erick,,,
657,0291,Trianna,,,
658,0292,Innes,,,
659,0293,Clenna,,,
660,0294,Flick,,,
661,0295,Bresolle,,,
662,0296,Flotina,,,
663,0297,Damian,,,
664,0298,Barthelemi,,,
665,0299,Mathilde,,,
666,029A,Mordon,,,
667,029B,Jeremy,,,
668,029C,Darver,,,
669,029D,Inhannes,,,
670,029E,Railanor,,,
671,029F,Jerome,,,
672,02A0,Lotti,,,
673,02A1,Fodoquia,,,
674,02A2,Bryce,,,
675,02A3,Valmore,,,
676,02A4,Hordrick,,,
677,02A5,Aubin,,,
678,02A6,Bruno,,,
679,02A7,Beumont,,,
680,02A8,Batiste,,,
681,02A9,Gaston,,,
682,02AA,Ravel,,,
683,02AB,Lazare,,,
684,02AC,Lock,,,
685,02AD,Louison,,,
686,02AE,Corneille,,,
687,02AF,Cyryil,,,
688,02B0,Casimir,,,
689,02B1,Corentin,,,
690,02B2,Renault,,,
691,02B3,Galerius,,,
692,02B4,Mandrin,,,
693,02B5,Berenice,,,
694,02B6,Nina,,,
695,02B7,Bryce,,,
696,02B8,Sven,,,
697,02B9,Kurt,,,
698,02BA,Gammel,,,
699,02BB,Blank,,,
700,02BC,Mellisandre,,,
701,02BD,,,,
702,02BE,,,,
703,02BF,,,,
704,02C0,,,,
705,02C1,,,,
706,02C2,,,,
707,02C3,,,,
708,02C4,,,,
709,02C5,,,,
710,02C6,,,,
711,02C7,,,,
712,02C8,,,,
713,02C9,,,,
714,02CA,,,,
715,02CB,,,,
716,02CC,,,,
717,02CD,,,,
718,02CE,,,,
719,02CF,,,,
720,02D0,,,,
721,02D1,,,,
722,02D2,,,,
723,02D3,,,,
724,02D4,,,,
725,02D5,,,,
726,02D6,,,,
727,02D7,,,,
728,02D8,,,,
729,02D9,,,,
730,02DA,,,,
731,02DB,,,,
732,02DC,,,,
733,02DD,,,,
734,02DE,,,,
735,02DF,,,,
736,02E0,,,,
737,02E1,,,,
738,02E2,,,,
739,02E3,,,,
740,02E4,,,,
741,02E5,,,,
742,02E6,,,,
743,02E7,,,,
744,02E8,,,,
745,02E9,,,,
746,02EA,,,,
747,02EB,,,,
748,02EC,,,,
749,02ED,,,,
750,02EE,,,,
751,02EF,,,,
752,02F0,,,,
753,02F1,,,,
754,02F2,,,,
755,02F3,,,,
756,02F4,,,,
757,02F5,,,,
758,02F6,,,,
759,02F7,,,,
760,02F8,,,,
761,02F9,,,,
762,02FA,,,,
763,02FB,,,,
764,02FC,,,,
765,02FD,,,,
766,02FE,,,,
767,02FF,,,,
768,0300,,,,
769,0301,,,,
770,0302,,,,
771,0303,,,,
772,0304,,,,
773,0305,,,,
774,0306,,,,
775,0307,,,,
776,0308,,,,
777,0309,,,,
778,030A,,,,
779,030B,,,,
780,030C,,,,
781,030D,,,,
782,030E,,,,
783,030F,,,,
784,0310,,,,
785,0311,,,,
786,0312,,,,
787,0313,,,,
788,0314,,,,
789,0315,,,,
790,0316,,,,
791,0317,,,,
792,0318,,,,
793,0319,,,,
794,031A,,,,
795,031B,,,,
796,031C,,,,
797,031D,,,,
798,031E,,,,
799,031F,,,,
800,0320,,Game Crashes,,
801,0321,,,,
802,0322,,,,
803,0323,,,,
804,0324,,,,
805,0325,,,,
806,0326,,,,
807,0327,,,,
808,0328,,,,
809,0329,,,,
810,032A,,,,
811,032B,,,,
812,032C,,,,
813,032D,,,,
814,032E,,,,
815,032F,,,,
816,0330,,,,
817,0331,,,,
818,0332,,,,
819,0333,,,,
820,0334,,,,
821,0335,,,,
822,0336,,,,
823,0337,,,,
824,0338,,,,
825,0339,,,,
826,033A,,,,
827,033B,,,,
828,033C,,,,
829,033D,,,,
830,033E,,,,
831,033F,,,,
832,0340,,,,
833,0341,,,,
834,0342,,,,
835,0343,,,,
836,0344,,,,
837,0345,,,,
838,0346,,,,
839,0347,,,,
840,0348,,,,
841,0349,,,,
842,034A,,,,
843,034B,,,,
844,034C,,,,
845,034D,,,,
846,034E,,,,
847,034F,,,,
848,0350,,,,
849,0351,,,,
850,0352,,,,
851,0353,,,,
852,0354,,,,
853,0355,,,,
854,0356,,,,
855,0357,,,,
856,0358,,,,
857,0359,,,,
858,035A,,,,
859,035B,,,,
860,035C,,,,
861,035D,,,,
862,035E,,,,
863,035F,,,,
864,0360,,,,
865,0361,,,,
866,0362,,,,
867,0363,,,,
868,0364,,,,
869,0365,,,,
870,0366,,,,
871,0367,,,,
872,0368,,,,
873,0369,,,,
874,036A,,,,
875,036B,,,,
876,036C,,,,
877,036D,,,,
878,036E,,,,
879,036F,,,,
880,0370,,,,
881,0371,,,,
882,0372,,,,
883,0373,,,,
884,0374,,,,
885,0375,,,,
886,0376,,,,
887,0377,,,,
888,0378,,,,
889,0379,,,,
890,037A,,,,
891,037B,,,,
892,037C,,,,
893,037D,,,,
894,037E,,,,
895,037F,,,,
896,0380,,,,
897,0381,,,,
898,0382,,,,
899,0383,,,,
900,0384,,,,
901,0385,,,,
902,0386,,,,
903,0387,,,,
904,0388,,,,
905,0389,,,,
906,038A,,,,
907,038B,,,,
908,038C,,,,
909,038D,,,,
910,038E,,,,
911,038F,,,,
912,0390,,,,
913,0391,,,,
914,0392,,,,
915,0393,,,,
916,0394,,,,
917,0395,,,,
918,0396,,,,
919,0397,,,,
920,0398,,,,
921,0399,,,,
922,039A,,,,
923,039B,,,,
924,039C,,,,
925,039D,,,,
926,039E,,,,
927,039F,,,,
928,03A0,,,,
929,03A1,,,,
930,03A2,,,,
931,03A3,,,,
932,03A4,,,,
933,03A5,,,,
934,03A6,,,,
935,03A7,,,,
936,03A8,,,,
937,03A9,,,,
938,03AA,,,,
939,03AB,,,,
940,03AC,,,,
941,03AD,,,,
942,03AE,,,,
943,03AF,,,,
944,03B0,,,,
945,03B1,,,,
946,03B2,,,,
947,03B3,,,,
948,03B4,,,,
949,03B5,,,,
950,03B6,,,,
951,03B7,,,,
952,03B8,,,,
953,03B9,,,,
954,03BA,,,,
955,03BB,,,,
956,03BC,,,,
957,03BD,,,,
958,03BE,,,,
959,03BF,,,,
960,03C0,,,,
961,03C1,,,,
962,03C2,,,,
963,03C3,,,,
964,03C4,,,,
965,03C5,,,,
966,03C6,,,,
967,03C7,,,,
968,03C8,,,,
969,03C9,,,,
970,03CA,,,,
971,03CB,,,,
972,03CC,,,,
973,03CD,,,,
974,03CE,,,,
975,03CF,,,,
976,03D0,,,,
977,03D1,,,,
978,03D2,,,,
979,03D3,,,,
980,03D4,,,,
981,03D5,,,,
982,03D6,,,,
983,03D7,,,,
984,03D8,,,,
985,03D9,,,,
986,03DA,,,,
987,03DB,,,,
988,03DC,,,,
989,03DD,,,,
990,03DE,,,,
991,03DF,,,,
992,03E0,,,,
993,03E1,,,,
994,03E2,,,,
995,03E3,,,,
996,03E4,,,,
997,03E5,,,,
998,03E6,,,,
999,03E7,,,,
1000,03E8,,,,
1001,03E9,,,,
1002,03EA,,,,
1003,03EB,,,,
1004,03EC,,,,
1005,03ED,,,,
1006,03EE,,,,
1007,03EF,,,,
1008,03F0,,,,
1009,03F1,,,,
1010,03F2,,,,
1011,03F3,,,,
1012,03F4,,,,
1013,03F5,,,,
1014,03F6,,,,
1015,03F7,,,,
1016,03F8,,,,
1017,03F9,,,,
1018,03FA,,,,
1019,03FB,,,,
1020,03FC,,,,
1021,03FD,,,,
1022,03FE,,,,
1023,03FF,,,,
1024,0400,,,,
1025,0401,,,,
1026,0402,,,,
1027,0403,,,,
1028,0404,,,,
1029,0405,,,,
1030,0406,,,,
1031,0407,,,,
1032,0408,,,,
1033,0409,,,,
1034,040A,,,,
1035,040B,,,,
1036,040C,,,,
1037,040D,,,,
1038,040E,,,,
1039,040F,,,,
1040,0410,,,,
1041,0411,,,,
1042,0412,,,,
1043,0413,,,,
1044,0414,,,,
1045,0415,,,,
1046,0416,,,,
1047,0417,,,,
1048,0418,,,,
1049,0419,,,,
1050,041A,,,,
1051,041B,,,,
1052,041C,,,,
1053,041D,,,,
1054,041E,,,,
1055,041F,,,,
1056,0420,,,,
1057,0421,,,,
1058,0422,,,,
1059,0423,,,,
1060,0424,,,,
1061,0425,,,,
1062,0426,,,,
1063,0427,,,,
1064,0428,,,,
1065,0429,,,,
1066,042A,,,,
1067,042B,,,,
1068,042C,,,,
1069,042D,,,,
1070,042E,,,,
1071,042F,,,,
1072,0430,,,,
1073,0431,,,,
1074,0432,,,,
1075,0433,,,,
1076,0434,,,,
1077,0435,,,,
1078,0436,,,,
1079,0437,,,,
1080,0438,,,,
1081,0439,,,,
1082,043A,,,,
1083,043B,,,,
1084,043C,,,,
1085,043D,,,,
1086,043E,,,,
1087,043F,,,,
1088,0440,,,,
1089,0441,,,,
1090,0442,,,,
1091,0443,,,,
1092,0444,,,,
1093,0445,,,,
1094,0446,,,,
1095,0447,,,,
1096,0448,,,,
1097,0449,,,,
1098,044A,,,,
1099,044B,,,,
1100,044C,,,,
1101,044D,,,,
1102,044E,,,,
1103,044F,,,,
1104,0450,,,,
1105,0451,,,,
1106,0452,,,,
1107,0453,,,,
1108,0454,,,,
1109,0455,,,,
1110,0456,,,,
1111,0457,,,,
1112,0458,,,,
1113,0459,,,,
1114,045A,,,,
1115,045B,,,,
1116,045C,,,,
1117,045D,,,,
1118,045E,,,,
1119,045F,,,,
1120,0460,,,,
1121,0461,,,,
1122,0462,,,,
1123,0463,,,,
1124,0464,,,,
1125,0465,,,,
1126,0466,,,,
1127,0467,,,,
1128,0468,,,,
1129,0469,,,,
1130,046A,,,,
1131,046B,,,,
1132,046C,,,,
1133,046D,,,,
1134,046E,,,,
1135,046F,,,,
1136,0470,,,,
1137,0471,,,,
1138,0472,,,,
1139,0473,,,,
1140,0474,,,,
1141,0475,,,,
1142,0476,,,,
1143,0477,,,,
1144,0478,,,,
1145,0479,,,,
1146,047A,,,,
1147,047B,,,,
1148,047C,,,,
1149,047D,,,,
1150,047E,,,,
1151,047F,,,,
1152,0480,,,,
1153,0481,,,,
1154,0482,,,,
1155,0483,,,,
1156,0484,,,,
1157,0485,,,,
1158,0486,,,,
1159,0487,,,,
1160,0488,,,,
1161,0489,,,,
1162,048A,,,,
1163,048B,,,,
1164,048C,,,,
1165,048D,,,,
1166,048E,,,,
1167,048F,,,,
1168,0490,,,,
1169,0491,,,,
1170,0492,,,,
1171,0493,,,,
1172,0494,,,,
1173,0495,,,,
1174,0496,,,,
1175,0497,,,,
1176,0498,,,,
1177,0499,,,,
1178,049A,,,,
1179,049B,,,,
1180,049C,,,,
1181,049D,,,,
1182,049E,,,,