Offset,,SIze Per Item,Game Allows,Save Allows ,Format
0x0A,Item Section ,0x14,3800 Slots,4000 Slots,YY YY 00 00 SS SS 00 00 VV VV 00 PP NN NN NN NN UT 00 00 00
,,,,,Y = ID
,,,,,S = Slot Acquired
,,,,,V = Amount (used for items 0 for Equipment
,,,,,P = 00 to 03 ????  (FF) for items
,,,,,N = Equipped (FFFFFFFF) Non equip/items
,,,,,U = Upgraded  0 - No   1 - Yes
,,,,,"T = Type    0 - None, 1 - ???, 2 - Other Items, 3 - Accessories, 4 - Consumables, 5 - Weapons"
,,,,,
Offset,,SIze Per Item,Game Allows,Save Allows ,Format
0x2AF40,Character Section,0x1D0,,500 Slots,